id,name,description,keywords,image_url,category,origin,color,season
1,Xoài Cát Chu,"Xoài Cát Chu có vị ngọt thanh, thịt quả mềm mịn, ít xơ, màu vàng tươi khi chín, vỏ mỏng và thơm đặc trưng.","ngọt, thơm, vàng, ít xơ, mùa hè",http://localhost:5000/static/images/xoai_cat_chu.jpg,Trái cây nhiệt đới,Đồng bằng sông Cửu Long,"vàng, xanh lá",mùa hè
2,Cam Sành,"Cam Sành có vị chua ngọt dịu, nhiều nước, vỏ dày và sần sùi, màu xanh đậm khi non và chuyển sang vàng cam khi chín.","chua ngọt, mọng nước, vitamin C, thanh nhiệt",http://localhost:5000/static/images/cam_sanh.jpg,Trái cây có múi,Miền Tây,"xanh đậm, cam",quanh năm
3,Thanh Long Ruột Đỏ,"Thanh Long ruột đỏ có vỏ hồng tím bắt mắt, ruột đỏ tươi với hạt đen nhỏ, vị ngọt nhẹ, giòn mát, giàu vitamin.","ngọt nhẹ, giòn, mát, ruột đỏ, hạt đen",http://localhost:5000/static/images/thanh_long_do.jpg,Trái cây nhiệt đới,Bình Thuận,"hồng, đỏ, trắng",quanh năm
4,Quả Jicama (Củ Đậu),"Quả Jicama (Củ Đậu) củ tròn, màu nâu nhạt, thịt trắng, giòn, ngọt mát, thường ăn sống.","ngọt mát, giòn, ăn sống",http://localhost:5000/static/images/jicama.jpg,Rau ăn củ,Mexico,"nâu, trắng",quanh năm
5,Dâu Tây Đà Lạt,"Dâu Tây Đà Lạt quả nhỏ, hình trái tim, màu đỏ tươi, vị chua ngọt hài hòa, thơm đặc trưng.","chua ngọt, thơm, đỏ, nhỏ",http://localhost:5000/static/images/dau_tay_da_lat.jpg,Quả mọng,Đà Lạt,đỏ,"mùa đông, xuân"
6,Nhãn Lồng Hưng Yên,"Nhãn Lồng Hưng Yên vỏ mỏng, cùi dày, hạt nhỏ, vị ngọt lịm, hương thơm đặc trưng, ăn rất giòn.","ngọt lịm, giòn, cùi dày, hạt nhỏ",http://localhost:5000/static/images/nhan_long.jpg,Trái cây nhiệt đới,Hưng Yên,"nâu, trắng",mùa hè
7,Vải Thiều Lục Ngạn,"Vải Thiều Lục Ngạn quả tròn, vỏ đỏ tươi khi chín, cùi dày, hạt nhỏ, vị ngọt đậm, mọng nước, thơm lừng.","ngọt đậm, mọng nước, thơm, hạt nhỏ",http://localhost:5000/static/images/vai_thieu.jpg,Trái cây nhiệt đới,Bắc Giang,"đỏ, trắng",mùa hè
8,Sầu Riêng Ri6,"Sầu Riêng Ri6 cơm vàng tươi, hạt lép, vị ngọt béo đậm đà, hương thơm nồng nàn đặc trưng.","ngọt béo, thơm nồng, hạt lép, vàng",http://localhost:5000/static/images/sau_rieng_ri6.jpg,Trái cây nhiệt đới,Miền Tây,"xanh, vàng",mùa hè
9,Ổi Lê,"Ổi Lê có vỏ xanh ngả vàng, ruột trắng, thịt dày, giòn, vị ngọt mát, ít hạt.","giòn, ngọt mát, ít hạt, trắng",http://localhost:5000/static/images/oi_le.jpg,Trái cây phổ biến,Đồng bằng sông Cửu Long,"xanh, trắng",quanh năm
10,Chuối Tiêu Hồng,"Chuối Tiêu Hồng quả to dài, vỏ mỏng, thịt vàng đậm, vị ngọt sắc, thơm lừng, rất mềm.","ngọt sắc, thơm, mềm, vàng",http://localhost:5000/static/images/chuoi_tieu_hong.jpg,Trái cây nhiệt đới,Nhiều nơi,"vàng, xanh",quanh năm
11,Chôm Chôm Nhãn,"Chôm Chôm Nhãn vỏ đỏ có gai ngắn, thịt trắng trong, tróc hạt, vị ngọt lịm, thơm.","ngọt lịm, thơm, tróc hạt, đỏ",http://localhost:5000/static/images/chom_chom_nhan.jpg,Trái cây nhiệt đới,Miền Nam,"đỏ, trắng",mùa hè
12,Dừa Xiêm Xanh,"Dừa Xiêm Xanh trái nhỏ, vỏ xanh, nước ngọt thanh mát, cùi dừa mỏng và mềm.","ngọt mát, thanh nhiệt, giải khát",http://localhost:5000/static/images/dua_xiem_xanh.jpg,Trái cây nhiệt đới,Bến Tre,"xanh, trắng",quanh năm
13,Quýt Hồng,"Quýt Hồng vỏ mỏng, màu cam hồng tươi, múi mọng nước, vị ngọt thanh xen lẫn chút chua nhẹ, thơm đặc trưng.","ngọt thanh, chua nhẹ, mọng nước, thơm",http://localhost:5000/static/images/quyt_hong.jpg,Trái cây có múi,"Lai Vung, Đồng Tháp","cam, hồng","mùa đông, xuân"
14,Măng Cụt,"Măng Cụt vỏ tím sẫm, dày, ruột trắng muốt, chia múi, vị chua ngọt hài hòa, thanh mát, thơm dịu.","chua ngọt, thanh mát, thơm dịu, trắng",http://localhost:5000/static/images/mang_cut.jpg,Trái cây nhiệt đới,Miền Nam,"tím, trắng",mùa hè
15,Roi An Phước,"Roi An Phước trái hình chuông, màu đỏ tươi, vỏ bóng, thịt giòn, ngọt mát, nhiều nước.","giòn, ngọt mát, nhiều nước, đỏ",http://localhost:5000/static/images/roi_an_phuoc.jpg,Trái cây nhiệt đới,Đồng bằng sông Cửu Long,"đỏ, trắng",quanh năm
16,Dứa (Thơm),"Dứa có vỏ vàng cam khi chín, mắt dứa sâu, thịt vàng, vị chua ngọt đậm đà, thơm nồng.","chua ngọt, thơm nồng, giải khát",http://localhost:5000/static/images/dua_thom.jpg,Trái cây nhiệt đới,Nhiều nơi,"vàng, xanh",quanh năm
17,Hồng Xiêm (Sapoche),"Hồng Xiêm vỏ nâu, thịt mềm, ngọt lịm, có mùi thơm đặc trưng, giàu dinh dưỡng.","ngọt lịm, thơm, mềm, bổ dưỡng",http://localhost:5000/static/images/hong_xiem.jpg,Trái cây nhiệt đới,Miền Nam,"nâu, vàng",quanh năm
18,Na (Mãng Cầu Ta),"Na có vỏ xanh sần sùi, ruột trắng, mềm, vị ngọt đậm, thơm, nhiều hạt.","ngọt đậm, thơm, mềm, nhiều hạt",http://localhost:5000/static/images/na.jpg,Trái cây nhiệt đới,Miền Bắc,"xanh, trắng","mùa hè, thu"
19,Mãng Cầu Gai (Xiêm),"Mãng Cầu Gai vỏ xanh có gai mềm, thịt trắng, chua ngọt, thơm dịu, thường dùng làm sinh tố.","chua ngọt, thơm dịu, làm sinh tố",http://localhost:5000/static/images/mang_cau_gai.jpg,Trái cây nhiệt đới,Miền Nam,"xanh, trắng",quanh năm
20,Khế Ngọt,"Khế Ngọt có 5 cánh rõ rệt, màu xanh khi non và vàng khi chín, vị ngọt thanh, giòn.","ngọt thanh, giòn, giải khát",http://localhost:5000/static/images/khe_ngot.jpg,Trái cây phổ biến,Nhiều nơi,"xanh, vàng",quanh năm
21,Vú Sữa Lò Rèn,"Vú Sữa Lò Rèn vỏ tím hoặc xanh, bóng, ruột trắng sữa, ngọt thanh, thơm dịu, dẻo.","ngọt thanh, thơm, dẻo, sữa",http://localhost:5000/static/images/vu_sua_lo_ren.jpg,Trái cây nhiệt đới,Miền Nam,"tím, xanh, trắng","mùa đông, xuân"
22,Đu Đủ,"Đu Đủ vỏ xanh khi non, chuyển vàng cam khi chín, thịt mềm, ngọt, thơm dịu, nhiều hạt đen.","ngọt, mềm, thơm, bổ dưỡng",http://localhost:5000/static/images/du_du.jpg,Trái cây nhiệt đới,Nhiều nơi,"xanh, cam, đen",quanh năm
23,Dưa Hấu,"Dưa Hấu vỏ xanh sọc, ruột đỏ hoặc vàng, nhiều nước, ngọt mát, giải khát.","ngọt mát, nhiều nước, giải khát",http://localhost:5000/static/images/dua_hau.jpg,Trái cây phổ biến,Nhiều nơi,"xanh, đỏ, vàng",quanh năm
24,Mít Tố Nữ,"Mít Tố Nữ quả nhỏ, múi vàng, thơm lừng, ngọt đậm, hạt nhỏ, múi mít giòn nhẹ.","ngọt đậm, thơm lừng, giòn nhẹ",http://localhost:5000/static/images/mit_to_nu.jpg,Trái cây nhiệt đới,Miền Nam,"xanh, vàng",mùa hè
25,Bơ Sáp,"Bơ Sáp vỏ xanh bóng, thịt vàng kem, dẻo, béo ngậy, hạt nhỏ, giàu dinh dưỡng.","béo ngậy, dẻo, bổ dưỡng",http://localhost:5000/static/images/bo_sap.jpg,Trái cây nhiệt đới,Tây Nguyên,"xanh, vàng",mùa hè
26,Dâu Tằm,"Dâu Tằm quả nhỏ, hình bầu dục, màu tím đen khi chín, vị chua ngọt, thường dùng làm nước giải khát.","chua ngọt, giải khát, tím",http://localhost:5000/static/images/dau_tam.jpg,Quả mọng,Miền Bắc,"đen, tím",mùa xuân
27,Sơ Ri,"Sơ Ri quả nhỏ, màu đỏ tươi, vị chua ngọt, nhiều vitamin C.","chua ngọt, vitamin C, đỏ",http://localhost:5000/static/images/so_ri.jpg,Trái cây nhiệt đới,Miền Nam,đỏ,quanh năm
28,Cóc,"Cóc quả xanh, giòn, vị chua đậm, thường ăn kèm muối ớt.","chua, giòn, ăn vặt",http://localhost:5000/static/images/coc.jpg,Trái cây phổ biến,Nhiều nơi,xanh,quanh năm
29,Me Chua,"Me Chua quả dài, vỏ nâu, thịt chua đậm, thường dùng làm gia vị hoặc nước giải khát.","chua đậm, làm gia vị, giải khát",http://localhost:5000/static/images/me_chua.jpg,Trái cây phổ biến,Miền Nam,nâu,mùa hè
30,Ổi Ruby,"Ổi Ruby có ruột hồng đào, ít hạt, thịt giòn, vị ngọt thanh, thơm nhẹ.","giòn, ngọt thanh, ít hạt, hồng",http://localhost:5000/static/images/oi_ruby.jpg,Trái cây phổ biến,Nhiều nơi,"xanh, hồng",quanh năm
31,Nho Ninh Thuận,"Nho Ninh Thuận quả tròn, màu đỏ hoặc xanh, vị chua ngọt hài hòa, giòn, thường có hạt.","chua ngọt, giòn, có hạt",http://localhost:5000/static/images/nho_ninh_thuan.jpg,Quả mọng,Ninh Thuận,"đỏ, xanh",quanh năm
32,Chanh Dây,"Chanh Dây vỏ tím hoặc vàng, ruột vàng cam, có hạt đen, vị chua thanh, thơm nồng, thường dùng làm nước giải khát.","chua thanh, thơm nồng, giải khát",http://localhost:5000/static/images/chanh_day.jpg,Trái cây nhiệt đới,Tây Nguyên,"tím, vàng, cam",quanh năm
33,Đào Sapa,"Đào Sapa vỏ hồng phấn, có lông tơ, thịt trắng giòn, vị chua ngọt thanh mát.","chua ngọt, giòn, thanh mát",http://localhost:5000/static/images/dao_sapa.jpg,Trái cây ôn đới,Lào Cai,"hồng, trắng","mùa xuân, hè"
34,Mận Hậu Mộc Châu,"Mận Hậu Mộc Châu quả tròn, màu tím đỏ, vị chua chát khi non, ngọt đậm khi chín, giòn.","chua chát, ngọt đậm, giòn",http://localhost:5000/static/images/man_hau.jpg,Trái cây ôn đới,Sơn La,"đỏ, tím",mùa hè
35,Long Nhãn,"Long Nhãn vỏ nâu, thịt trắng trong, vị ngọt nhẹ, thơm dịu, hơi dẻo, ít nước.","ngọt nhẹ, thơm dịu, dẻo",http://localhost:5000/static/images/long_nhan.jpg,Trái cây nhiệt đới,Hưng Yên,"nâu, trắng",mùa hè
36,Dứa Mật,"Dứa Mật trái nhỏ, ruột vàng đậm, ngọt lịm như mật ong, thơm nồng.","ngọt lịm, thơm nồng, mật ong",http://localhost:5000/static/images/dua_mat.jpg,Trái cây nhiệt đới,Nhiều nơi,"vàng, xanh",quanh năm
37,Khế Chua,"Khế Chua có 5 cánh, màu xanh, vị chua đậm, thường dùng làm gia vị hoặc nước chấm.","chua đậm, làm gia vị",http://localhost:5000/static/images/khe_chua.jpg,Trái cây phổ biến,Nhiều nơi,xanh,quanh năm
38,Vải Thanh Hà,"Vải Thanh Hà quả tròn, vỏ đỏ tươi, cùi dày, hạt nhỏ, vị ngọt đậm, thơm, mọng nước.","ngọt đậm, thơm, mọng nước, hạt nhỏ",http://localhost:5000/static/images/vai_thanh_ha.jpg,Trái cây nhiệt đới,Hải Dương,"đỏ, trắng",mùa hè
39,Chuối Ngự,"Chuối Ngự quả nhỏ, thon dài, vỏ mỏng, thịt vàng, vị ngọt đậm, thơm đặc biệt, dùng tiến vua.","ngọt đậm, thơm, tiến vua",http://localhost:5000/static/images/chuoi_ngu.jpg,Trái cây nhiệt đới,Nam Định,"vàng, xanh",quanh năm
40,Quả Sim,"Quả Sim nhỏ, tròn, màu tím đen khi chín, vị ngọt chát, thường dùng ngâm rượu.","ngọt chát, tím, ngâm rượu",http://localhost:5000/static/images/qua_sim.jpg,Quả mọng,"Miền núi, ven biển","tím, đen",mùa hè
41,Bơ Booth,"Bơ Booth vỏ sần, xanh đậm, thịt vàng kem, dẻo, béo ngậy, hạt vừa.","béo ngậy, dẻo, dinh dưỡng",http://localhost:5000/static/images/bo_booth.jpg,Trái cây nhiệt đới,Tây Nguyên,"xanh, vàng",mùa hè
42,Thanh Trà,"Thanh Trà quả nhỏ, màu vàng tươi, vị chua ngọt hài hòa, giòn, thơm nhẹ.","chua ngọt, giòn, thơm nhẹ",http://localhost:5000/static/images/thanh_tra.jpg,Trái cây nhiệt đới,Cần Thơ,"vàng, xanh",mùa hè
43,Bòn Bon,"Bòn Bon quả tròn, vỏ vàng nhạt, ruột trắng trong, chia múi, vị chua ngọt thanh.","chua ngọt, thanh, trắng",http://localhost:5000/static/images/bon_bon.jpg,Trái cây nhiệt đới,Miền Nam,"vàng, trắng",mùa hè
44,Chanh Không Hạt,"Chanh Không Hạt quả tròn, vỏ xanh bóng, nhiều nước, vị chua thanh, không hạt.","chua thanh, nhiều nước, không hạt",http://localhost:5000/static/images/chanh_khong_hat.jpg,Trái cây có múi,Miền Nam,xanh,quanh năm
45,Quả Artichoke Jerusalem (Atisô Jerusalem),"Quả Artichoke Jerusalem (Atisô Jerusalem) củ không đều, màu nâu nhạt, vị ngọt nhẹ, bùi, thường dùng luộc, xào.","ngọt nhẹ, bùi",http://localhost:5000/static/images/artichoke_jerusalem.jpg,Rau ăn củ,Bắc Mỹ,nâu,mùa thu
46,Quả Đào Tiên,"Quả Đào Tiên tròn, vỏ cứng, màu xanh đậm, ruột trắng xốp, thường dùng làm cảnh hoặc ngâm rượu.","làm cảnh, ngâm rượu, xanh",http://localhost:5000/static/images/dao_tien.jpg,Trái cây đặc biệt,Miền Nam,"xanh, trắng",quanh năm
47,Quả Wasabi (Cải Ngựa Nhật Bản),"Quả Wasabi (Cải Ngựa Nhật Bản) thân rễ, màu xanh, vị cay nồng, thường dùng làm gia vị.","cay nồng, gia vị",http://localhost:5000/static/images/wasabi.jpg,Gia vị,Nhật Bản,xanh,quanh năm
48,Mận Đường,"Roi Đường quả nhỏ hơn Roi An Phước, màu xanh nhạt, ngọt thanh, giòn.","ngọt thanh, giòn, nhỏ",http://localhost:5000/static/images/man_duong.jpg,Trái cây nhiệt đới,Miền Nam,"xanh, trắng",quanh năm
49,Dâu Đất (Mắc Cọp),"Dâu Đất quả nhỏ, hình tròn, màu đỏ tươi, vị chua ngọt, mọc dại ở vùng núi.","chua ngọt, mọc dại, đỏ",http://localhost:5000/static/images/dau_dat.jpg,Quả mọng,Miền núi,đỏ,mùa hè
50,Bơ Hass,"Bơ Hass vỏ sần, tím đen khi chín, thịt vàng kem, rất dẻo, béo, hạt nhỏ.","béo, dẻo, hạt nhỏ",http://localhost:5000/static/images/bo_hass.jpg,Trái cây nhiệt đới,Tây Nguyên,"xanh, tím, vàng",mùa hè
51,Quả Bứa,"Quả Bứa nhỏ, tròn, màu xanh vàng, vị chua gắt, thường dùng làm gia vị.","chua gắt, làm gia vị",http://localhost:5000/static/images/qua_bua.jpg,Trái cây phổ biến,Miền núi,"xanh, vàng",quanh năm
52,Lựu Đỏ,"Lựu Đỏ vỏ đỏ tươi, ruột nhiều hạt mọng nước, vị ngọt thanh, giòn, giải khát.","ngọt thanh, giòn, giải khát",http://localhost:5000/static/images/luu_do.jpg,Trái cây ôn đới,Ninh Thuận,"đỏ, trắng","mùa hè, thu"
53,Vải U Hồng,"Vải U Hồng quả to, vỏ hồng, cùi dày, hạt to hơn vải thiều, vị ngọt thanh.","ngọt thanh, cùi dày",http://localhost:5000/static/images/vai_u_hong.jpg,Trái cây nhiệt đới,Bắc Giang,"hồng, trắng",mùa hè
54,Quýt Đường,"Quýt Đường vỏ mỏng, vàng tươi, múi mọng nước, vị ngọt đậm, ít chua.","ngọt đậm, mọng nước, ít chua",http://localhost:5000/static/images/quyt_duong.jpg,Trái cây có múi,Miền Nam,"vàng, cam",quanh năm
55,Bưởi Năm Roi,"Bưởi Năm Roi vỏ vàng nhạt, ruột trắng, múi ráo, vị chua ngọt nhẹ, thơm.","chua ngọt, múi ráo, thơm",http://localhost:5000/static/images/buoi_nam_roi.jpg,Trái cây có múi,Vĩnh Long,"vàng, trắng",mùa thu
56,Hồng Giòn,"Hồng Giòn vỏ vàng cam, thịt giòn sần sật, vị ngọt thanh, không hạt.","ngọt thanh, giòn, không hạt",http://localhost:5000/static/images/hong_gion.jpg,Trái cây ôn đới,Đà Lạt,"cam, vàng",mùa thu
57,Chuối Laba,"Chuối Laba quả to, dài, vỏ dày, thịt vàng óng, vị ngọt đậm, dẻo thơm.","ngọt đậm, dẻo, thơm",http://localhost:5000/static/images/chuoi_laba.jpg,Trái cây nhiệt đới,Lâm Đồng,"vàng, xanh",quanh năm
58,Mận Tam Hoa,"Mận Tam Hoa quả to, hình trái tim, màu đỏ tím, vị chua ngọt hài hòa, giòn.","chua ngọt, giòn, đỏ tím",http://localhost:5000/static/images/man_tam_hoa.jpg,Trái cây ôn đới,Lào Cai,"đỏ, tím",mùa hè
59,Dưa lưới,"Dưa lưới vỏ màu xanh xám có vân lưới, ruột cam hoặc xanh, vị ngọt đậm, thơm mát, giòn.","ngọt đậm, thơm mát, giòn",http://localhost:5000/static/images/dua_luoi.jpg,Trái cây phổ biến,Nhiều nơi,"xanh, cam, vàng",quanh năm
60,Ổi Bo,"Ổi Bo quả to, vỏ xanh nhạt, ruột trắng, thịt giòn, vị ngọt nhẹ, thơm đặc trưng.","giòn, ngọt nhẹ, thơm",http://localhost:5000/static/images/oi_bo.jpg,Trái cây phổ biến,Miền Bắc,"xanh, trắng",quanh năm
61,Quả Chanh Đào,"Chanh Đào vỏ vàng hồng, ruột hồng, thơm đặc trưng, thường dùng ngâm mật ong trị ho.","thơm, trị ho, hồng",http://localhost:5000/static/images/chanh_dao.jpg,Trái cây có múi,Miền Bắc,"vàng, hồng",mùa thu
62,Trái Đào Lòng Vàng,"Đào Lòng Vàng vỏ hồng nhạt, ruột vàng, thịt mềm, vị ngọt thanh.","ngọt thanh, mềm",http://localhost:5000/static/images/dao_long_vang.jpg,Trái cây ôn đới,Sapa,"hồng, vàng",mùa hè
63,Chuối Cau,"Chuối Cau quả nhỏ, tròn mập, vỏ mỏng, thịt vàng, ngọt đậm, thơm.","ngọt đậm, thơm, nhỏ",http://localhost:5000/static/images/chuoi_cau.jpg,Trái cây nhiệt đới,Nhiều nơi,"vàng, xanh",quanh năm
64,Mít Ruột Đỏ,"Mít Ruột Đỏ múi to, màu đỏ tươi, thơm lừng, ngọt đậm, giòn hoặc mềm tùy giống.","ngọt đậm, thơm lừng, ruột đỏ",http://localhost:5000/static/images/mit_ruot_do.jpg,Trái cây nhiệt đới,Miền Nam,"xanh, đỏ",mùa hè
65,Xoài Tứ Quý,"Xoài Tứ Quý quả to, xanh đậm, vị chua ngọt khi non, ngọt thanh khi chín, có thể ra trái quanh năm.","chua ngọt, to, quanh năm",http://localhost:5000/static/images/xoai_tu_quy.jpg,Trái cây nhiệt đới,Miền Nam,"xanh, vàng",quanh năm
66,Vú Sữa Bách Thảo,"Vú Sữa Bách Thảo quả to, vỏ xanh nhạt, thịt mềm, ngọt đậm, ít nhựa.","ngọt đậm, mềm, ít nhựa",http://localhost:5000/static/images/vu_sua_bach_thao.jpg,Trái cây nhiệt đới,Miền Nam,"xanh, trắng","mùa đông, xuân"
67,Sầu Riêng Chuồng Bò,"Sầu Riêng Chuồng Bò cơm vàng đậm, vị ngọt béo vừa phải, hương thơm nhẹ hơn Ri6.","ngọt béo, thơm nhẹ",http://localhost:5000/static/images/sau_rieng_chuong_bo.jpg,Trái cây nhiệt đới,Miền Tây,"xanh, vàng",mùa hè
68,Quả White Corn (Ngô Trắng),"Quả White Corn (Ngô Trắng) hạt trắng, vị ngọt nhẹ, thường luộc.","ngọt nhẹ, hạt",http://localhost:5000/static/images/white_corn.jpg,Hạt ăn được,Trung Mỹ,trắng,mùa hè
69,Chôm Chôm Java,"Chôm Chôm Java vỏ đỏ gai dài, thịt không tróc hạt, vị ngọt vừa, ít thơm hơn chôm chôm nhãn.","ngọt vừa, không tróc hạt",http://localhost:5000/static/images/chom_chom_java.jpg,Trái cây nhiệt đới,Miền Nam,"đỏ, trắng",mùa hè
70,Thanh Long Ruột Trắng,"Thanh Long ruột trắng vỏ hồng, ruột trắng có hạt đen, vị ngọt thanh, giòn mát.","ngọt thanh, giòn, mát",http://localhost:5000/static/images/thanh_long_trang.jpg,Trái cây nhiệt đới,Bình Thuận,"hồng, trắng",quanh năm
71,Táo Mèo (Sơn Tra),"Táo Mèo quả nhỏ, xanh vàng, vị chua chát, thường dùng ngâm rượu hoặc làm ô mai.","chua chát, ngâm rượu, ô mai",http://localhost:5000/static/images/tao_meo.jpg,Trái cây phổ biến,Miền núi phía Bắc,"xanh, vàng",mùa thu
72,Dưa Kim Hoàng Hậu,"Dưa Kim Hoàng Hậu vỏ vàng tươi, ruột cam, vị ngọt đậm, thơm đặc trưng, giòn.","ngọt đậm, thơm, giòn",http://localhost:5000/static/images/dua_kim_hoang_hau.jpg,Trái cây phổ biến,Nhiều nơi,"vàng, cam",quanh năm
73,Xoài Thái,"Xoài Thái quả to, xanh mướt, vị ngọt đậm, giòn khi còn xanh, thơm.","ngọt đậm, giòn, thơm",http://localhost:5000/static/images/xoai_thai.jpg,Trái cây nhiệt đới,Miền Nam,"xanh, vàng",quanh năm
74,Cà Na,"Cà Na quả nhỏ, xanh đậm, vị chua chát, thường dầm với đường, muối ớt.","chua chát, dầm, xanh",http://localhost:5000/static/images/ca_na.jpg,Trái cây phổ biến,Miền Nam,xanh,mùa nước nổi
75,Dứa Tắc (Tắc Trái),"Dứa Tắc quả nhỏ, tròn, vỏ vàng cam, vị chua gắt, thơm nồng, dùng làm nước giải khát.","chua gắt, thơm nồng, giải khát",http://localhost:5000/static/images/dua_tac.jpg,Trái cây có múi,Miền Nam,"vàng, cam",quanh năm
76,Quả Water Chestnut (Củ Năng),"Quả Water Chestnut (Củ Năng) củ nhỏ, màu nâu đen, thịt trắng, giòn, ngọt nhẹ, thường dùng ăn sống, nấu chè.","giòn, ngọt nhẹ",http://localhost:5000/static/images/water_chestnut.jpg,Rau ăn củ,Châu Á,"nâu, trắng",quanh năm
77,Khế Lùn,"Khế Lùn quả nhỏ, tương tự khế ngọt, vị ngọt thanh, giòn.","ngọt thanh, giòn, nhỏ",http://localhost:5000/static/images/khe_lun.jpg,Trái cây phổ biến,Nhiều nơi,"xanh, vàng",quanh năm
78,Quả Lotus Root (Ngó Sen),"Quả Lotus Root (Ngó Sen) thân rễ, màu trắng ngà, có lỗ, vị giòn, ngọt nhẹ, thường dùng nấu canh, gỏi.","giòn, ngọt nhẹ",http://localhost:5000/static/images/lotus_root.jpg,Rau ăn thân,Châu Á,trắng,quanh năm
79,Chuối Sứ,"Chuối Sứ quả to, ngắn, vỏ dày, thịt trắng ngà, vị ngọt thanh, dẻo.","ngọt thanh, dẻo",http://localhost:5000/static/images/chuoi_su.jpg,Trái cây nhiệt đới,Nhiều nơi,"vàng, xanh",quanh năm
80,Mít Nghệ,"Mít Nghệ múi vàng cam, thơm nhẹ, vị ngọt vừa, múi mềm.","ngọt vừa, thơm nhẹ, mềm",http://localhost:5000/static/images/mit_nghe.jpg,Trái cây nhiệt đới,Miền Nam,"xanh, vàng",mùa hè
81,Xoài Keo,"Xoài Keo quả xanh, cứng, vị chua ngọt khi non, ngọt khi chín, giòn.","chua ngọt, giòn, cứng",http://localhost:5000/static/images/xoai_keo.jpg,Trái cây nhiệt đới,"Campuchia, Miền Nam VN","xanh, vàng",quanh năm
82,Dưa Gang,"Dưa Gang vỏ xanh sọc vàng, ruột mềm, thơm, vị ngọt nhẹ, thường dùng làm sinh tố.","ngọt nhẹ, thơm, làm sinh tố",http://localhost:5000/static/images/dua_gang.jpg,Trái cây phổ biến,Nhiều nơi,"xanh, vàng",mùa hè
83,Bưởi Đoan Hùng,"Bưởi Đoan Hùng quả to, vỏ vàng, ruột hồng, múi ráo, vị ngọt đậm, thơm lâu.","ngọt đậm, thơm lâu, múi ráo",http://localhost:5000/static/images/buoi_doan_hung.jpg,Trái cây có múi,Phú Thọ,"vàng, hồng",mùa thu
84,Hồng Trứng,"Hồng Trứng quả hình trứng, vỏ cam, thịt mềm, ngọt lịm, có hạt.","ngọt lịm, mềm, có hạt",http://localhost:5000/static/images/hong_trung.jpg,Trái cây ôn đới,Đà Lạt,"cam, vàng",mùa thu
85,Chuối Ngự Đại Hoàng,"Chuối Ngự Đại Hoàng là loại chuối Ngự đặc biệt, hương vị thơm ngon vượt trội.","ngọt đậm, thơm, tiến vua",http://localhost:5000/static/images/chuoi_ngu_dai_hoang.jpg,Trái cây nhiệt đới,Hà Nam,"vàng, xanh",quanh năm
86,Mận Đỏ Sapa,"Mận Đỏ Sapa vỏ đỏ tím đậm, vị ngọt đậm hơn mận Hậu, giòn.","ngọt đậm, giòn, đỏ tím",http://localhost:5000/static/images/man_do_sapa.jpg,Trái cây ôn đài,Lào Cai,"đỏ, tím",mùa hè
87,Cà Phê Chè,"Cà Phê Chè quả nhỏ, đỏ tươi, chứa hạt cà phê, vị hơi chua, đắng. (Thường dùng hạt)","chua, đắng, hạt",http://localhost:5000/static/images/ca_phe_che.jpg,Hạt uống,Tây Nguyên,"đỏ, đen",quanh năm
88,Chanh Giấy,"Chanh Giấy vỏ mỏng như giấy, nhiều nước, rất thơm, vị chua thanh.","chua thanh, nhiều nước, thơm",http://localhost:5000/static/images/chanh_giay.jpg,Trái cây có múi,Miền Nam,xanh,quanh năm
89,Dưa Hấu Không Hạt,"Dưa Hấu Không Hạt tương tự dưa hấu thường nhưng không có hạt, tiện lợi khi ăn.","ngọt mát, không hạt, tiện lợi",http://localhost:5000/static/images/dua_hau_khong_hat.jpg,Trái cây phổ biến,Nhiều nơi,"xanh, đỏ",quanh năm
90,Quả Purple Corn (Ngô Tím),"Quả Purple Corn (Ngô Tím) hạt tím, giàu chất chống oxy hóa, thường làm nước uống.","tím, chống oxy hóa",http://localhost:5000/static/images/purple_corn.jpg,Hạt ăn được,Peru,tím,mùa hè
91,Xoài Non,"Xoài Non quả xanh, cứng, vị chua gắt, thường ăn kèm muối ớt.","chua gắt, cứng, ăn vặt",http://localhost:5000/static/images/xoai_non.jpg,Trái cây nhiệt đới,Nhiều nơi,xanh,quanh năm
92,Chuối Ngự Xanh,"Chuối Ngự Xanh là loại chuối Ngự được thu hoạch khi còn xanh, thường dùng để luộc.","ngọt, xanh, luộc",http://localhost:5000/static/images/chuoi_ngu_xanh.jpg,Trái cây nhiệt đới,Hà Nam,xanh,quanh năm
93,Mãng Cầu Ta Tây Ninh,"Mãng Cầu Ta Tây Ninh quả to, ruột trắng, ngọt đậm, thơm, ít hạt hơn các loại na khác.","ngọt đậm, thơm, ít hạt",http://localhost:5000/static/images/mang_cau_tay_ninh.jpg,Trái cây nhiệt đới,Tây Ninh,"xanh, trắng",mùa hè
94,Trái Chùm Ruột,"Chùm Ruột quả nhỏ, tròn, màu vàng xanh, vị chua gắt, thường dùng làm mứt hoặc ô mai.","chua gắt, làm mứt, ô mai",http://localhost:5000/static/images/chum_ruot.jpg,Trái cây phổ biến,Miền Nam,"xanh, vàng",quanh năm
95,Quả Vải Chua,"Vải Chua quả nhỏ hơn vải thiều, vị chua nhiều hơn ngọt, thường dùng làm nước giải khát.","chua, giải khát, nhỏ",http://localhost:5000/static/images/vai_chua.jpg,Trái cây nhiệt đới,Miền Bắc,"đỏ, trắng",mùa hè
96,Bưởi Diễn,"Bưởi Diễn quả nhỏ, vỏ vàng óng khi chín, múi ráo, vị ngọt đậm, thơm đặc trưng, để được lâu.","ngọt đậm, thơm, để lâu",http://localhost:5000/static/images/buoi_dien.jpg,Trái cây có múi,Hà Nội,"vàng, trắng","Tết, cuối năm"
97,Hồng Đà Lạt,"Hồng Đà Lạt là tên chung cho các loại hồng trồng ở Đà Lạt, bao gồm hồng giòn, hồng trứng.","ngọt, giòn, mềm",http://localhost:5000/static/images/hong_da_lat.jpg,Trái cây ôn đới,Đà Lạt,"cam, vàng",mùa thu
98,Quả Chayote (Su Su),"Quả Chayote (Su Su) hình quả lê, màu xanh nhạt, thịt trắng, giòn, vị ngọt nhẹ, thường dùng luộc, xào.","ngọt nhẹ, giòn",http://localhost:5000/static/images/chayote.jpg,Rau ăn quả,Mexico,xanh,quanh năm
99,Mít Tơ Hạt Lép,"Mít Tơ Hạt Lép múi vàng, thơm lừng, ngọt đậm, hạt rất nhỏ hoặc lép hoàn toàn.","ngọt đậm, thơm, hạt lép",http://localhost:5000/static/images/mit_to_hat_lep.jpg,Trái cây nhiệt đới,Miền Nam,"xanh, vàng",mùa hè
100,Cà Na Thái,"Cà Na Thái quả to hơn cà na Việt Nam, vị chua nhẹ hơn, giòn, thường dùng để dầm.","chua nhẹ, giòn, to, dầm",http://localhost:5000/static/images/ca_na_thai.jpg,Trái cây phổ biến,Miền Nam,xanh,quanh năm
101,Chuối Lùn,"Chuối Lùn quả nhỏ, ngắn, mập, ngọt đậm, thơm, thường được dùng để thờ cúng.","ngọt đậm, thơm, nhỏ, thờ cúng",http://localhost:5000/static/images/chuoi_lun.jpg,Trái cây nhiệt đới,Nhiều nơi,"vàng, xanh",quanh năm
102,Dâu Gia Xoan,"Dâu Gia Xoan quả nhỏ, tròn, màu đỏ tím, vị chua ngọt nhẹ, thường mọc hoang hoặc trồng làm cảnh.","chua ngọt, nhỏ, hoang dã",http://localhost:5000/static/images/dau_gia_xoan.jpg,Quả mọng,"Miền Bắc, Trung","đỏ, tím",mùa hè
103,Sầu Riêng Monthong,"Sầu Riêng Monthong cơm vàng nhạt, hạt to, vị ngọt nhẹ, ít béo hơn Ri6, thơm dịu.","ngọt nhẹ, thơm dịu, ít béo",http://localhost:5000/static/images/sau_rieng_monthong.jpg,Trái cây nhiệt đới,Miền Tây,"xanh, vàng",mùa hè
104,Táo Xanh,"Táo Xanh quả tròn, màu xanh sáng, vị chua thanh, giòn, thường dùng ăn sống hoặc ép nước.","chua thanh, giòn, ăn sống",http://localhost:5000/static/images/tao_xanh.jpg,Trái cây ôn đới,Nhiều nơi,xanh,quanh năm
105,Xoài Đài Loan,"Xoài Đài Loan quả to, dài, màu xanh nhạt hoặc vàng, thịt dày, ngọt, ít xơ, thơm.","ngọt, ít xơ, to, thơm",http://localhost:5000/static/images/xoai_dai_loan.jpg,Trái cây nhiệt đới,Miền Nam,"xanh, vàng",quanh năm
106,Bưởi Phúc Trạch,"Bưởi Phúc Trạch vỏ xanh vàng, ruột hồng đào, múi ráo, vị ngọt đậm, thơm dịu, có hạt.","ngọt đậm, thơm dịu, có hạt",http://localhost:5000/static/images/buoi_phuc_trach.jpg,Trái cây có múi,Hà Tĩnh,"xanh, vàng, hồng",mùa thu
107,Cam Cao Phong,"Cam Cao Phong quả tròn, vỏ vàng cam, múi mọng nước, vị ngọt thanh, ít chua, thơm.","ngọt thanh, mọng nước, ít chua",http://localhost:5000/static/images/cam_cao_phong.jpg,Trái cây có múi,Hòa Bình,"cam, vàng",mùa đông
108,Chanh Giấy Hạt Lép,"Chanh Giấy Hạt Lép tương tự chanh giấy nhưng hạt rất ít hoặc không có, tiện lợi hơn.","chua thanh, không hạt, tiện lợi",http://localhost:5000/static/images/chanh_giay_hat_lep.jpg,Trái cây có múi,Miền Nam,xanh,quanh năm
109,Dưa Leo,"Dưa Leo quả dài, màu xanh, thịt giòn, nhiều nước, vị mát, thường dùng ăn sống hoặc làm salad.","giòn, nhiều nước, ăn sống",http://localhost:5000/static/images/dua_leo.jpg,Rau ăn quả,Nhiều nơi,xanh,quanh năm
110,Mắc Mật,"Mắc Mật quả nhỏ, tròn, màu vàng cam, vị chua ngọt, thơm, thường dùng làm gia vị ướp thịt.","chua ngọt, thơm, làm gia vị",http://localhost:5000/static/images/mac_mat.jpg,Trái cây phổ biến,Miền núi phía Bắc,"cam, vàng",mùa hè
111,Na Thái,"Na Thái quả to hơn na Việt Nam, vỏ xanh sần, thịt trắng, mềm, ngọt đậm, ít hạt hơn.","ngọt đậm, mềm, ít hạt, to",http://localhost:5000/static/images/na_thai.jpg,Trái cây nhiệt đới,Miền Nam,"xanh, trắng","mùa hè, thu"
112,Quả Dâu Rừng,"Dâu Rừng quả nhỏ, màu đỏ hoặc đen, vị chua ngọt, mọc dại trong rừng.","chua ngọt, nhỏ, mọc dại",http://localhost:5000/static/images/dau_rung.jpg,Quả mọng,Miền núi,"đỏ, đen","mùa xuân, hè"
113,Quả Bitter Melon (Khổ Qua/Mướp Đắng),"Quả Bitter Melon (Khổ Qua/Mướp Đắng) dài, vỏ sần sùi, màu xanh, vị đắng đặc trưng, thường dùng nấu canh, xào.","đắng, nấu canh",http://localhost:5000/static/images/bitter_melon.jpg,Rau ăn quả,Châu Á,xanh,quanh năm
114,Bơ 034,"Bơ 034 quả dài, thon, hạt nhỏ, thịt vàng kem, dẻo, béo ngậy, thơm.","béo ngậy, dẻo, dài, thơm",http://localhost:5000/static/images/bo_034.jpg,Trái cây nhiệt đới,Tây Nguyên,"xanh, vàng",mùa hè
115,Chôm Chôm Rừng,"Chôm Chôm Rừng quả nhỏ, gai dài, vị chua hơn chôm chôm trồng, mọc dại.","chua, nhỏ, mọc dại",http://localhost:5000/static/images/chom_chom_rung.jpg,Trái cây nhiệt đới,Miền núi,"đỏ, trắng",mùa hè
116,Quýt Tiều,"Quýt Tiều quả dẹt, vỏ mỏng, dễ bóc, vị ngọt thanh, thơm dịu.","ngọt thanh, dễ bóc, thơm",http://localhost:5000/static/images/quyt_tieu.jpg,Trái cây có múi,Miền Nam,"cam, vàng",mùa đông
117,Bưởi Da Xanh Ruột Hồng,"Bưởi Da Xanh Ruột Hồng có ruột màu hồng đào rất đẹp mắt, vị ngọt đậm.","ngọt đậm, ruột hồng, đẹp mắt",http://localhost:5000/static/images/buoi_da_xanh_ruot_hong.jpg,Trái cây có múi,Bến Tre,"xanh, hồng","mùa thu, cuối năm"
118,Dâu Tây Mộc Châu,"Dâu Tây Mộc Châu quả vừa, màu đỏ tươi, vị chua ngọt hài hòa, thơm.","chua ngọt, thơm, đỏ",http://localhost:5000/static/images/dau_tay_moc_chau.jpg,Quả mọng,Sơn La,đỏ,"mùa đông, xuân"
119,Nhãn Hương Chi,"Nhãn Hương Chi cùi dày, hạt nhỏ, vị ngọt đậm, thơm, giòn, được trồng phổ biến.","ngọt đậm, thơm, giòn",http://localhost:5000/static/images/nhan_huong_chi.jpg,Trái cây nhiệt đới,Hưng Yên,"nâu, trắng",mùa hè
120,Quả Trám,"Quả Trám nhỏ, màu xanh tím, vị chua chát, thường dùng để kho thịt hoặc ngâm muối.","chua chát, làm món ăn",http://localhost:5000/static/images/qua_tram.jpg,Trái cây phổ biến,Miền núi phía Bắc,"xanh, tím",mùa thu
121,Ổi Xá Lị,"Ổi Xá Lị quả to, vỏ xanh nhạt, ruột trắng hoặc hồng, thịt giòn, vị ngọt nhẹ, thơm.","giòn, ngọt nhẹ, thơm",http://localhost:5000/static/images/oi_xa_li.jpg,Trái cây phổ biến,Miền Nam,"xanh, trắng, hồng",quanh năm
122,Nho Xanh,"Nho Xanh quả tròn hoặc bầu dục, màu xanh lá, vị chua ngọt, giòn, không hạt hoặc có hạt.","chua ngọt, giòn, xanh",http://localhost:5000/static/images/nho_xanh.jpg,Quả mọng,Ninh Thuận,xanh,quanh năm
123,Thanh Trà Ngọt,"Thanh Trà Ngọt là giống thanh trà có vị ngọt hơn, ít chua.","ngọt, ít chua, thơm",http://localhost:5000/static/images/thanh_tra_ngot.jpg,Trái cây nhiệt đới,Cần Thơ,"vàng, xanh",mùa hè
124,Chanh Muối,"Chanh Muối là sản phẩm từ chanh tươi ngâm muối, vị mặn, chua, giải khát.","mặn, chua, giải khát",http://localhost:5000/static/images/chanh_muoi.jpg,Chế biến,Nhiều nơi,"xanh, vàng",quanh năm
125,Quả Gấc,"Quả Gấc tròn, vỏ gai, màu đỏ cam đậm khi chín, ruột đỏ tươi, giàu dinh dưỡng, thường dùng nấu xôi.","dinh dưỡng, đỏ tươi, nấu xôi",http://localhost:5000/static/images/qua_gac.jpg,Trái cây phổ biến,Nhiều nơi,"xanh, đỏ","mùa thu, đông"
126,Trái Thù Lù,"Trái Thù Lù nhỏ, tròn, màu vàng cam, được bao bọc bởi lá đài, vị chua ngọt.","chua ngọt, nhỏ, đặc biệt",http://localhost:5000/static/images/trai_thu_lu.jpg,Quả mọng,Nhiều nơi,"vàng, cam",quanh năm
127,Quả Bình Bát,"Quả Bình Bát hình tim, màu xanh khi non, vàng khi chín, thịt mềm, vị ngọt.","ngọt, mềm, hình tim",http://localhost:5000/static/images/qua_binh_bat.jpg,Trái cây nhiệt đới,Miền Nam,"xanh, vàng",quanh năm
128,Lựu Trắng,"Lựu Trắng vỏ xanh nhạt, ruột trắng trong, hạt mọng nước, vị ngọt thanh, ít chua.","ngọt thanh, trắng, giải khát",http://localhost:5000/static/images/luu_trang.jpg,Trái cây ôn đới,Ninh Thuận,"xanh, trắng","mùa hè, thu"
129,Chuối Hột,"Chuối Hột quả nhỏ, nhiều hạt đen, vị ngọt chát, thường dùng ngâm rượu thuốc.","ngọt chát, nhiều hạt, ngâm rượu",http://localhost:5000/static/images/chuoi_hot.jpg,Trái cây nhiệt đới,Nhiều nơi,"vàng, xanh",quanh năm
130,Dưa Lưới Ruột Xanh,"Dưa Lưới Ruột Xanh có ruột màu xanh ngọc, vị ngọt mát, giòn, thơm dịu.","ngọt mát, giòn, ruột xanh",http://localhost:5000/static/images/dua_luoi_ruot_xanh.jpg,Trái cây phổ biến,Nhiều nơi,"xanh, trắng",quanh năm
131,Chuối Ngự Đỏ,"Chuối Ngự Đỏ là giống chuối Ngự đặc biệt, vỏ có sắc đỏ khi chín, vị thơm ngon.","ngọt đậm, thơm, đỏ",http://localhost:5000/static/images/chuoi_ngu_do.jpg,Trái cây nhiệt đới,Hà Nam,"đỏ, vàng",quanh năm
132,Xoài Cát Hòa Lộc,"Xoài Cát Hòa Lộc quả to, thuôn dài, vỏ vàng tươi, thịt vàng cam, rất ngọt, thơm lừng, ít xơ.","rất ngọt, thơm lừng, ít xơ, to",http://localhost:5000/static/images/xoai_cat_hoa_loc.jpg,Trái cây nhiệt đới,Đồng bằng sông Cửu Long,"vàng, cam",mùa hè
133,Sầu Riêng Khổ Qua Xanh,"Sầu Riêng Khổ Qua Xanh cơm màu xanh nhạt, vị ngọt béo vừa, hơi đắng nhẹ, thơm đặc trưng.","ngọt béo, đắng nhẹ, thơm",http://localhost:5000/static/images/sau_rieng_kho_qua_xanh.jpg,Trái cây nhiệt đới,Miền Tây,"xanh, vàng",mùa hè
134,Chôm Chôm Nước,"Chôm Chôm Nước vỏ đỏ gai dài, thịt ít ngọt, nhiều nước, thường dùng làm nước giải khát.","ít ngọt, nhiều nước, giải khát",http://localhost:5000/static/images/chom_chom_nuoc.jpg,Trái cây nhiệt đới,Miền Nam,"đỏ, trắng",mùa hè
135,Thanh Long Vỏ Vàng,"Thanh Long Vỏ Vàng có vỏ màu vàng tươi, ruột trắng hoặc vàng, vị ngọt đậm hơn thanh long đỏ/trắng.","ngọt đậm, vỏ vàng, đặc biệt",http://localhost:5000/static/images/thanh_long_vang.jpg,Trái cây nhiệt đới,Bình Thuận,"vàng, trắng",quanh năm
136,Quả Điều,"Quả Điều có phần hạt cứng, phần cuống mềm, màu vàng hoặc đỏ, vị chua ngọt chát, thường dùng làm hạt điều.","chua ngọt, làm hạt, hạt cứng",http://localhost:5000/static/images/qua_dieu.jpg,Hạt ăn được,Tây Nguyên,"vàng, đỏ",mùa khô
137,Quả Loofah (Mướp Hương),"Quả Loofah (Mướp Hương) dài, vỏ xanh, vị ngọt nhẹ, thơm, thường dùng nấu canh, xào.","ngọt nhẹ, thơm",http://localhost:5000/static/images/loofah.jpg,Rau ăn quả,Châu Á,xanh,quanh năm
138,Dừa Xiêm,"Dừa Xiêm quả nhỏ, vị ngọt thanh, thơm dịu, thường dùng ăn tươi hoặc làm nước ép.","ngọt thanh, thơm dịu, nhỏ",http://localhost:5000/static/images/dua_xiem.jpg,Trái cây nhiệt đới,Nhiều nơi,"vàng, xanh",quanh năm
139,Quả Bồ Hòn,"Quả Bồ Hòn nhỏ, tròn, màu nâu, có chất saponin tạo bọt, thường dùng làm chất tẩy rửa tự nhiên.","tẩy rửa, tự nhiên",http://localhost:5000/static/images/qua_bo_hon.jpg,Thực vật khác,Miền núi,nâu,quanh năm
140,Mít Viên Linh,"Mít Viên là mít được tách múi sẵn, đóng gói tiện lợi, thường là mít ruột vàng.","tiện lợi, đóng gói",http://localhost:5000/static/images/mit_vien.jpg,Chế biến,Nhiều nơi,vàng,quanh năm
141,Xoài Tím,"Xoài Tím quả có màu tím đặc trưng khi chín, thịt vàng cam, ngọt, thơm.","tím, ngọt, thơm",http://localhost:5000/static/images/xoai_tim.jpg,Trái cây nhiệt đới,Miền Nam,"tím, vàng",mùa hè
142,Hồng Hột,"Hồng Hột là giống hồng có hạt, thịt mềm, ngọt lịm.","ngọt lịm, mềm, có hạt",http://localhost:5000/static/images/hong_hot.jpg,Trái cây ôn đới,Đà Lạt,"cam, vàng",mùa thu
143,Cà Chua,"Cà Chua quả tròn hoặc bầu dục, màu đỏ khi chín, vị chua ngọt, thường dùng làm rau hoặc ăn sống.","chua ngọt, làm rau, đỏ",http://localhost:5000/static/images/ca_chua.jpg,Rau ăn quả,Nhiều nơi,"đỏ, xanh",quanh năm
144,Chanh Vàng,"Chanh Vàng quả tròn hoặc bầu dục, vỏ vàng, thơm, vị chua thanh, thường dùng làm nước uống, pha chế.","chua thanh, thơm, pha chế",http://localhost:5000/static/images/chanh_vang.jpg,Trái cây có múi,Nhiều nơi,vàng,quanh năm
145,Ổi Không Hạt,"Ổi Không Hạt là giống ổi được lai tạo không có hạt, tiện lợi khi ăn, giòn, ngọt nhẹ.","không hạt, giòn, ngọt nhẹ",http://localhost:5000/static/images/oi_khong_hat.jpg,Trái cây phổ biến,Nhiều nơi,"xanh, trắng",quanh năm
146,Xoài Úc,"Xoài Úc quả to, tròn, vỏ hồng đỏ khi chín, thịt vàng, ngọt đậm, thơm, ít xơ.","ngọt đậm, thơm, to, ít xơ",http://localhost:5000/static/images/xoai_uc.jpg,Trái cây nhiệt đới,Miền Nam,"hồng, đỏ, vàng",mùa hè
147,Quả Vả,"Quả Vả hình tròn dẹt, màu xanh, thịt mềm, vị chát nhẹ, thường dùng ăn kèm gỏi hoặc luộc.","chát nhẹ, ăn gỏi",http://localhost:5000/static/images/qua_va.jpg,Trái cây phổ biến,Nhiều nơi,xanh,quanh năm
148,Cam Xã Đoài,"Cam Xã Đoài quả tròn, màu vàng tươi, vỏ mỏng, vị ngọt đậm, thơm đặc trưng, nổi tiếng.","ngọt đậm, thơm, nổi tiếng",http://localhost:5000/static/images/cam_xa_doai.jpg,Trái cây có múi,Nghệ An,"vàng, cam",mùa đông
149,Chôm Chôm Rong Riêng,"Chôm Chôm Rong Riêng có vỏ đỏ gai dài, thịt trắng trong, tróc hạt, vị ngọt đậm, giòn.","ngọt đậm, giòn, tróc hạt",http://localhost:5000/static/images/chom_chom_rong_rieng.jpg,Trái cây nhiệt đới,Miền Nam,"đỏ, trắng",mùa hè
150,Ổi Găng,"Ổi Găng quả nhỏ, tròn, màu xanh đậm, thịt giòn, vị ngọt nhẹ, thơm.","giòn, ngọt nhẹ, nhỏ",http://localhost:5000/static/images/oi_gang.jpg,Trái cây phổ biến,Miền Bắc,"xanh, trắng",quanh năm
151,Bưởi Luận Văn,"Bưởi Luận Văn vỏ đỏ cam, ruột hồng đào, vị ngọt đậm, thơm, thường dùng thờ cúng.","ngọt đậm, thơm, thờ cúng",http://localhost:5000/static/images/buoi_luan_van.jpg,Trái cây có múi,Thanh Hóa,"đỏ, cam, hồng",Tết
152,Đu Đủ Xanh (Chưa chín),"Đu Đủ Xanh là quả đu đủ chưa chín, thịt cứng, thường dùng làm nộm, gỏi.","làm gỏi, làm nộm, xanh",http://localhost:5000/static/images/du_du_xanh.jpg,Rau ăn quả,Nhiều nơi,xanh,quanh năm
153,Cherry Mỹ,"Cherry Mỹ quả tròn, màu đỏ đậm hoặc đen, vị ngọt thanh, giòn, thường nhập khẩu.","ngọt thanh, giòn, nhập khẩu",http://localhost:5000/static/images/cherry_my.jpg,Quả mọng,Mỹ,"đỏ, đen",mùa hè (Bắc bán cầu)
154,Kiwi Xanh,"Kiwi Xanh vỏ nâu có lông, ruột xanh lá, vị chua ngọt, nhiều vitamin C, thơm.","chua ngọt, vitamin C, thơm",http://localhost:5000/static/images/kiwi_xanh.jpg,Trái cây ôn đới,New Zealand,"nâu, xanh",quanh năm
155,Nho Đen Không Hạt,"Nho Đen Không Hạt quả to, màu đen sẫm, vị ngọt đậm, giòn, không hạt, nhập khẩu.","ngọt đậm, giòn, không hạt, nhập khẩu",http://localhost:5000/static/images/nho_den_khong_hat.jpg,Quả mọng,"Mỹ, Úc",đen,quanh năm
156,Lê Hàn Quốc,"Lê Hàn Quốc quả to, tròn, vỏ vàng nhạt, thịt giòn, ngọt mát, nhiều nước.","ngọt mát, giòn, nhiều nước",http://localhost:5000/static/images/le_han_quoc.jpg,Trái cây ôn đới,Hàn Quốc,vàng,mùa thu
157,Việt Quất,"Việt Quất quả nhỏ, tròn, màu xanh tím đậm, vị chua ngọt, giàu chất chống oxy hóa.","chua ngọt, chống oxy hóa, nhỏ",http://localhost:5000/static/images/viet_quat.jpg,Quả mọng,"Mỹ, Canada","xanh, tím",mùa hè
158,Mâm Xôi (Raspberry),"Mâm Xôi quả nhỏ, cấu trúc rời, màu đỏ hoặc đen, vị chua ngọt, thơm, mềm.","chua ngọt, thơm, mềm, nhỏ",http://localhost:5000/static/images/mam_xoi.jpg,Quả mọng,"Châu Âu, Mỹ","đỏ, đen",mùa hè
159,Dâu Tằm Trắng,"Dâu Tằm Trắng quả nhỏ, màu trắng, vị ngọt nhẹ hơn dâu tằm đen, thường dùng ăn tươi.","ngọt nhẹ, trắng, nhỏ",http://localhost:5000/static/images/dau_tam_trang.jpg,Quả mọng,Miền Bắc,trắng,mùa xuân
160,Vú Sữa Vàng,"Vú Sữa Vàng vỏ vàng tươi, thịt trắng sữa, ngọt thanh, thơm dịu.","ngọt thanh, thơm, vàng",http://localhost:5000/static/images/vu_sua_vang.jpg,Trái cây nhiệt đới,Miền Nam,"vàng, trắng","mùa đông, xuân"
161,Quả Gấc (Chế biến),"Quả Gấc dùng để làm màu cho xôi, mứt, có giá trị dinh dưỡng cao.","dinh dưỡng, làm màu",http://localhost:5000/static/images/qua_gac_02.jpg,Chế biến,Nhiều nơi,đỏ,quanh năm
162,Chuối Hột Rừng,"Chuối Hột Rừng là chuối hột mọc dại, quả nhỏ hơn, nhiều hạt hơn, thường dùng ngâm rượu.","ngọt chát, nhiều hạt, ngâm rượu",http://localhost:5000/static/images/chuoi_hot_rung.jpg,Trái cây nhiệt đới,Miền núi,"vàng, xanh",quanh năm
163,Cam Vinh,"Cam Vinh quả tròn, màu vàng cam, vỏ mỏng, vị ngọt thanh, thơm dịu, nhiều nước.","ngọt thanh, thơm, nhiều nước",http://localhost:5000/static/images/cam_vinh.jpg,Trái cây có múi,Nghệ An,"cam, vàng",mùa đông
164,Quýt Lai Vung,"Quýt Lai là các giống quýt được lai tạo, đa dạng về hương vị và kích thước.","đa dạng, lai tạo",http://localhost:5000/static/images/quyt_lai.jpg,Trái cây có múi,Nhiều nơi,"cam, vàng",quanh năm
165,Nho Đỏ,"Nho Đỏ quả tròn hoặc bầu dục, màu đỏ, vị chua ngọt, có hạt hoặc không hạt.","chua ngọt, đỏ",http://localhost:5000/static/images/nho_do.jpg,Quả mọng,Nhiều nơi,đỏ,quanh năm
166,Quả Sấu,"Quả Sấu nhỏ, tròn, màu xanh, vị chua gắt, thường dùng nấu canh chua, ô mai.","chua gắt, nấu canh, ô mai",http://localhost:5000/static/images/qua_sau.jpg,Trái cây phổ biến,Miền Bắc,xanh,mùa hè
167,Quả Bồ Kết,"Quả Bồ Kết dài, màu nâu đen, thường dùng làm dầu gội đầu tự nhiên.","gội đầu, tự nhiên",http://localhost:5000/static/images/qua_bo_ket.jpg,Thực vật khác,Nhiều nơi,"nâu, đen",quanh năm
168,Quả Thị,"Quả Thị tròn, màu vàng tươi, thơm lừng, vị ngọt chát, thường dùng để chưng cất nước hoa.","ngọt chát, thơm lừng",http://localhost:5000/static/images/qua_thi.jpg,Trái cây phổ biến,Nhiều nơi,vàng,mùa thu
169,Quả Dành Dành,"Quả Dành Dành nhỏ, màu vàng cam, thường dùng làm màu thực phẩm tự nhiên.","làm màu, tự nhiên",http://localhost:5000/static/images/qua_danh_danh.jpg,Thực vật khác,Nhiều nơi,"cam, vàng",quanh năm
170,Quả Dẻ,"Quả Dẻ hình tròn, vỏ cứng, màu nâu, ruột trắng, vị bùi, thường rang hoặc luộc.","bùi, rang, luộc",http://localhost:5000/static/images/qua_de.jpg,Hạt ăn được,Miền núi phía Bắc,"nâu, trắng",mùa thu
171,Quả Cậy,"Quả Cậy nhỏ, tròn, màu xanh, vị chua gắt, thường dùng nấu canh chua.","chua gắt, nấu canh",http://localhost:5000/static/images/qua_cay.jpg,Trái cây phổ biến,Miền Bắc,xanh,mùa hè
172,Quả Sung,"Quả Sung nhỏ, hình giọt nước, màu xanh hoặc tím, vị ngọt nhẹ, thường dùng ăn kèm.","ngọt nhẹ, ăn kèm",http://localhost:5000/static/images/qua_sung.jpg,Trái cây phổ biến,Nhiều nơi,"xanh, tím",quanh năm
173,Quả Thanh Mai (Dâu Rừng Việt),"Thanh Mai quả nhỏ, tròn, màu đỏ đậm, vị chua ngọt, thường mọc ở vùng núi cao.","chua ngọt, nhỏ, mọc dại",http://localhost:5000/static/images/thanh_mai.jpg,Quả mọng,Miền núi phía Bắc,đỏ,mùa hè
174,Quả Gáo,"Quả Gáo tròn, màu xanh, vị chát, thường dùng làm gia vị hoặc ngâm.","chát, làm gia vị",http://localhost:5000/static/images/qua_gao.jpg,Trái cây phổ biến,Miền Nam,xanh,quanh năm
175,Quả Xoài Cát Chu (Chín),"Xoài Cát Chu đã chín hoàn toàn, thịt mềm, ngọt lịm.","ngọt lịm, mềm",http://localhost:5000/static/images/xoai_cat_chu_chin.jpg,Trái cây nhiệt đới,Đồng bằng sông Cửu Long,vàng,mùa hè
176,Quả Dâu Tây Đà Lạt (To),"Dâu Tây Đà Lạt kích thước lớn hơn, mọng nước.","chua ngọt, thơm, to",http://localhost:5000/static/images/dau_tay_da_lat_to.jpg,Quả mọng,Đà Lạt,đỏ,"mùa đông, xuân"
177,Quả Nhãn Lồng Hưng Yên (Cùi dày),"Nhãn Lồng Hưng Yên có cùi rất dày, ăn giòn hơn.","ngọt lịm, giòn, cùi dày",http://localhost:5000/static/images/nhan_long_cui_day.jpg,Trái cây nhiệt đới,Hưng Yên,"nâu, trắng",mùa hè
178,Quả Đu Đủ (Vàng),"Đu Đủ chín vàng tươi, thịt mềm.","ngọt, mềm, thơm",http://localhost:5000/static/images/du_du_vang.jpg,Trái cây nhiệt đới,Nhiều nơi,"cam, vàng",quanh năm
179,Quả Táo Fuji (Nhập khẩu),"Táo Fuji quả to, đỏ, giòn, ngọt, nhập khẩu từ nước ngoài.","ngọt, giòn, nhập khẩu",http://localhost:5000/static/images/tao_fuji.jpg,Trái cây ôn đới,"Nhật Bản, Mỹ","đỏ, vàng",quanh năm
180,Quả Nho Xanh (Úc),"Nho Xanh nhập khẩu từ Úc, quả to, giòn, ngọt.","ngọt, giòn, nhập khẩu",http://localhost:5000/static/images/qua_nho_xanh_uc.jpg,Quả mọng,Úc,xanh,quanh năm
181,Quả Lê Xanh (Mỹ),"Lê Xanh nhập khẩu từ Mỹ, vỏ xanh, thịt giòn, ngọt mát.","ngọt mát, giòn, nhập khẩu",http://localhost:5000/static/images/le_xanh_my.jpg,Trái cây ôn đới,Mỹ,xanh,quanh năm
182,Quả Kiwi Vàng (New Zealand),"Kiwi Vàng vỏ mịn, ruột vàng, ngọt hơn kiwi xanh, thơm.","ngọt, thơm, không lông",http://localhost:5000/static/images/kiwi_vang.jpg,Trái cây ôn đới,New Zealand,"nâu, vàng",quanh năm
183,Quả Cam Cara (Mỹ),"Cam Cara ruột đỏ, không hạt, vị ngọt thanh, thơm dịu, thường nhập khẩu.","ngọt thanh, không hạt, nhập khẩu",http://localhost:5000/static/images/cam_cara.jpg,Trái cây có múi,Mỹ,"cam, đỏ","mùa đông, xuân"
184,Quả Chay,"Quả Chay nhỏ, màu xanh khi non, đỏ khi chín, vị chua ngọt, thường dùng nấu canh.","chua ngọt, nấu canh",http://localhost:5000/static/images/qua_chay.jpg,Trái cây phổ biến,Miền Bắc,"xanh, đỏ",mùa hè
185,Quả Mít Ướt,"Quả Mít Ướt múi mềm, nhiều nước, vị ngọt đậm.","ngọt đậm, nhiều nước",http://localhost:5000/static/images/qua_mit_uot.jpg,Trái cây nhiệt đới,Miền Nam,"xanh, vàng",mùa hè
186,Quả Ổi Nữ Hoàng,"Quả Ổi Nữ Hoàng to, giòn, ngọt, ít hạt.","giòn, ngọt, ít hạt",http://localhost:5000/static/images/qua_oi_nu_hoang.jpg,Trái cây phổ biến,Miền Nam,"xanh, trắng",quanh năm
187,Quả Sung Mỹ,"Quả Sung Mỹ to, ngọt, mềm.","ngọt, mềm",http://localhost:5000/static/images/qua_sung_my.jpg,Trái cây ôn đới,Mỹ,"xanh, tím",mùa thu
188,Quả Chà Là,"Quả Chà Là ngọt, dẻo, bổ dưỡng.","ngọt, dẻo",http://localhost:5000/static/images/qua_cha_la.jpg,Trái cây sa mạc,Trung Đông,nâu,quanh năm
189,Quả Trứng Gà,"Quả Trứng Gà vỏ vàng, thịt cam, ngọt, béo.","ngọt, béo",http://localhost:5000/static/images/qua_trung_ga.jpg,Trái cây nhiệt đới,Miền Nam,"vàng, cam",quanh năm
190,Quả Dưa Hấu Tí Hon,"Quả Dưa Hấu Tí Hon nhỏ, ngọt, giòn.","ngọt, giòn, nhỏ",http://localhost:5000/static/images/qua_dua_hau_ti_hon.jpg,Trái cây phổ biến,Nhiều nơi,"xanh, đỏ",quanh năm
191,Quả Horseradish (Củ Cải Ngựa),"Quả Horseradish (Củ Cải Ngựa) củ dài, màu trắng, vị cay nồng, thường dùng làm gia vị.","cay nồng, gia vị",http://localhost:5000/static/images/horseradish.jpg,Rau ăn củ,Châu Âu,trắng,quanh năm
192,Quả Vú Sữa Bò,"Quả Vú Sữa Bò to, ngọt, dẻo.","to, ngọt, dẻo",http://localhost:5000/static/images/qua_vu_sua_bo.jpg,Trái cây nhiệt đới,Việt Nam,"xanh, trắng","mùa đông, xuân"
193,Quả Đào Lông,"Quả Đào Lông có lông, chua ngọt.","chua ngọt, có lông",http://localhost:5000/static/images/qua_dao_long.jpg,Trái cây ôn đới,Việt Nam,"hồng, trắng","mùa xuân, hè"
194,Quả Chanh Dây Úc,"Quả Chanh Dây Úc to, vỏ tím.","chua ngọt, thơm",http://localhost:5000/static/images/qua_chanh_day_uc.jpg,Trái cây nhiệt đới,Úc,"tím, vàng",quanh năm
195,Quả Táo Envy,"Quả Táo Envy đỏ, ngọt, giòn.","đỏ, ngọt, giòn",http://localhost:5000/static/images/qua_tao_envy.jpg,Trái cây ôn đới,New Zealand,đỏ,quanh năm
196,Quả Dưa Hấu Sugar Baby,"Quả Dưa Hấu Sugar Baby nhỏ, ngọt.","nhỏ, ngọt",http://localhost:5000/static/images/qua_dua_hau_sugar_baby.jpg,Trái cây phổ biến,Nhiều nơi,"xanh, đỏ",quanh năm
197,Quả Nho Mẫu Đơn,"Quả Nho Mẫu Đơn to, ngọt, thơm.","to, ngọt, thơm",http://localhost:5000/static/images/qua_nho_mau_don.jpg,Quả mọng,Hàn Quốc,xanh,quanh năm
198,Quả Lựu Ai Cập,"Quả Lựu Ai Cập to, ngọt, mọng nước.","to, ngọt, mọng nước",http://localhost:5000/static/images/qua_luu_ai_cap.jpg,Trái cây ôn đới,Ai Cập,đỏ,"mùa hè, thu"
199,Quả Lý Chua (Currant),"Quả Lý Chua nhỏ, tròn, màu đỏ, đen hoặc trắng, vị chua đậm, thường dùng làm mứt, siro.","chua, nhỏ, mứt, siro",http://localhost:5000/static/images/qua_ly_chua.jpg,Quả mọng,Châu Âu,"đỏ, đen, trắng",mùa hè
200,Quả Lý Gai (Gooseberry),"Quả Lý Gai tròn hoặc bầu dục, màu xanh, vàng hoặc đỏ, có lông nhẹ, vị chua ngọt.","chua ngọt, có lông",http://localhost:5000/static/images/qua_ly_gai.jpg,Quả mọng,"Châu Âu, Bắc Mỹ","xanh, vàng, đỏ",mùa hè
201,Quả Nam Việt Quất (Cranberry),"Quả Nam Việt Quất nhỏ, tròn, màu đỏ tươi, vị chua gắt, giàu chất chống oxy hóa, thường làm nước ép, mứt.","chua gắt, chống oxy hóa",http://localhost:5000/static/images/qua_nam_viet_quat.jpg,Quả mọng,Bắc Mỹ,đỏ,mùa thu
202,Quả Chanh Ngón Tay (Finger Lime),"Quả Chanh Ngón Tay dài, hình ngón tay, ruột chứa các tép nhỏ như trứng cá, vị chua thanh, thơm đặc trưng.","chua thanh, tép, đặc biệt",http://localhost:5000/static/images/qua_chanh_ngon_tay.jpg,Trái cây có múi,Úc,"xanh, hồng",quanh năm
203,Quả Phật Thủ,"Quả Phật Thủ có hình dáng giống bàn tay Phật, màu vàng tươi, thơm đậm, thường dùng thờ cúng hoặc làm mứt.","thờ cúng, thơm, mứt",http://localhost:5000/static/images/qua_phat_thu.jpg,Trái cây có múi,"Việt Nam, Trung Quốc",vàng,mùa đông
204,Quả Ridge Gourd (Mướp Khía),"Quả Ridge Gourd (Mướp Khía) dài, vỏ có khía, màu xanh, vị ngọt nhẹ, thường dùng nấu canh, xào.",ngọt nhẹ,http://localhost:5000/static/images/ridge_gourd.jpg,Rau ăn quả,Châu Á,xanh,quanh năm
205,Quả Mít Tố Nữ Lá Bàng,"Quả Mít Tố Nữ Lá Bàng là giống mít tố nữ với lá cây giống lá bàng, cho quả ngon.","ngọt, thơm",http://localhost:5000/static/images/qua_mit_to_nu_la_bang.jpg,Trái cây nhiệt đới,Việt Nam,"xanh, vàng",mùa hè
206,Quả Thanh Long Vàng Colombia,"Quả Thanh Long Vàng Colombia vỏ vàng tươi, có gai, ruột trắng trong, vị ngọt đậm hơn thanh long thông thường.","ngọt đậm, vỏ vàng",http://localhost:5000/static/images/qua_thanh_long_vang_colombia.jpg,Trái cây nhiệt đới,Colombia,"vàng, trắng",quanh năm
207,Quả Quýt Úc,"Quả Quýt Úc vỏ mỏng, dễ bóc, vị ngọt thanh, thơm dịu, mọng nước.","ngọt thanh, dễ bóc",http://localhost:5000/static/images/qua_quyt_uc.jpg,Trái cây có múi,Úc,"cam, vàng",quanh năm
208,Quả Cam Sunkist,"Quả Cam Sunkist là thương hiệu cam nổi tiếng của Mỹ, vỏ vàng cam, mọng nước, vị ngọt.","ngọt, mọng nước",http://localhost:5000/static/images/qua_cam_sunkist.jpg,Trái cây có múi,Mỹ,"cam, vàng",quanh năm
209,Quả Lê Nâu,"Quả Lê Nâu vỏ màu nâu sần, thịt ngọt, mềm, thơm.","ngọt, mềm, thơm",http://localhost:5000/static/images/qua_le_nau.jpg,Trái cây ôn đới,Châu Âu,nâu,mùa thu
210,Quả Taro (Khoai Môn),"Quả Taro (Khoai Môn) củ tròn, màu nâu, thịt trắng hoặc tím, vị bùi, thường dùng nấu chè, làm bánh.","bùi, nấu chè",http://localhost:5000/static/images/taro.jpg,Rau ăn củ,Đông Nam Á,"nâu, trắng, tím",quanh năm
211,Quả Nho Đỏ không hạt Mỹ,"Quả Nho Đỏ không hạt Mỹ to, màu đỏ đậm, giòn, ngọt, không hạt.","ngọt, giòn, không hạt",http://localhost:5000/static/images/qua_nho_do_my.jpg,Quả mọng,Mỹ,đỏ,quanh năm
212,Quả Đào Flat (Đào dẹt),"Quả Đào Flat hình dẹt, vỏ mỏng, thịt ngọt, thơm, ít chua, hạt nhỏ.","ngọt, thơm, dẹt",http://localhost:5000/static/images/qua_dao_flat.jpg,Trái cây ôn đới,"Trung Quốc, Mỹ","hồng, vàng",mùa hè
213,Quả Mận Đen (Black Plum),"Quả Mận Đen vỏ màu đen tím, thịt vàng, vị ngọt đậm khi chín, đôi khi hơi chua.","ngọt đậm, chua, đen",http://localhost:5000/static/images/qua_man_den.jpg,Trái cây ôn đới,Châu Âu,"đen, tím",mùa hè
214,Quả Thanh Quất,"Quả Thanh Quất nhỏ, hình bầu dục, màu xanh đậm, vị chua gắt, thơm, thường dùng làm mứt hoặc pha nước.","chua gắt, thơm, mứt",http://localhost:5000/static/images/qua_thanh_quat.jpg,Trái cây có múi,Việt Nam,xanh,quanh năm
215,Quả Nho Đỏ Crimson,"Quả Nho Đỏ Crimson không hạt, giòn, ngọt sắc, màu đỏ tươi.","ngọt sắc, giòn, không hạt",http://localhost:5000/static/images/qua_nho_do_crimson.jpg,Quả mọng,Mỹ,đỏ,quanh năm
216,Quả Bơ Reed,"Quả Bơ Reed hình tròn, vỏ sần sùi, thịt dẻo, béo ngậy.","béo ngậy, dẻo, tròn",http://localhost:5000/static/images/qua_bo_reed.jpg,Trái cây nhiệt đới,Mỹ,"xanh, vàng",mùa hè
217,Quả Mâm Xôi Đen (Blackberry),"Quả Mâm Xôi Đen to hơn raspberry, màu đen bóng, vị chua ngọt.","chua ngọt, đen",http://localhost:5000/static/images/qua_mam_xoi_den.jpg,Quả mọng,"Bắc Mỹ, Châu Âu",đen,mùa hè
218,Quả Việt Quất Canada,"Quả Việt Quất Canada to, ngọt hơn, giàu chất chống oxy hóa.","ngọt, chống oxy hóa",http://localhost:5000/static/images/qua_viet_quat_canada.jpg,Quả mọng,Canada,"xanh, tím",mùa hè
219,Quả Xoài Đài Loan (Chín),"Quả Xoài Đài Loan khi chín chuyển vàng nhạt, thịt ngọt đậm, ít xơ, thơm.","ngọt đậm, ít xơ",http://localhost:5000/static/images/qua_xoai_dai_loan_chin.jpg,Trái cây nhiệt đới,"Đài Loan, Việt Nam",vàng,quanh năm
220,Quả Dừa Xiêm Lai,"Quả Dừa Xiêm Lai là giống dừa lai, cho năng suất và chất lượng nước tốt.","ngọt mát, năng suất cao",http://localhost:5000/static/images/qua_dua_xiem_lai.jpg,Trái cây nhiệt đới,Việt Nam,"xanh, trắng",quanh năm
221,Quả Cam Navel,"Quả Cam Navel có rốn đặc trưng, vỏ dễ bóc, vị ngọt, ít chua.","ngọt, dễ bóc, có rốn",http://localhost:5000/static/images/qua_cam_navel.jpg,Trái cây có múi,Mỹ,"cam, vàng",mùa đông
222,Quả Bưởi Phúc Trạch (có hạt),"Quả Bưởi Phúc Trạch có hạt, vị ngọt đậm, thơm đặc trưng.","ngọt đậm, thơm, có hạt",http://localhost:5000/static/images/qua_buoi_phuc_trach_co_hat.jpg,Trái cây có múi,Việt Nam,"xanh, vàng, hồng",mùa thu
223,Quả Chanh Dây Vàng,"Quả Chanh Dây Vàng vỏ màu vàng, ruột vàng cam, vị chua ngọt thanh.","chua ngọt, thanh",http://localhost:5000/static/images/qua_chanh_day_vang.jpg,Trái cây nhiệt đới,Việt Nam,"vàng, cam",quanh năm
224,Quả Ổi Đào,"Quả Ổi Đào có ruột màu hồng đào đẹp mắt, vị ngọt nhẹ, thơm.","ngọt nhẹ, ruột hồng",http://localhost:5000/static/images/qua_oi_dao.jpg,Trái cây phổ biến,Việt Nam,"xanh, hồng",quanh năm
225,Quả Dừa Sáp,"Quả Dừa Sáp có cơm dừa dày, dẻo như sáp, nước ít, đặc sản.","dẻo, đặc sản",http://localhost:5000/static/images/qua_dua_sap.jpg,Trái cây nhiệt đới,Việt Nam,"xanh, trắng",quanh năm
226,Quả Roi Hồng,"Quả Roi Hồng màu hồng tươi, giòn, ngọt mát.","giòn, ngọt mát",http://localhost:5000/static/images/qua_roi_hong.jpg,Trái cây nhiệt đới,Việt Nam,"hồng, trắng",quanh năm
227,Quả Lý Đen (Blackcurrant),"Quả Lý Đen nhỏ, tròn, màu đen đậm, vị chua gắt, rất giàu vitamin C, thường dùng làm mứt, nước ép, siro.","chua gắt, vitamin C, đen",http://localhost:5000/static/images/qua_ly_den.jpg,Quả mọng,"Châu Âu, Châu Á",đen,mùa hè
228,Quả Lý Đỏ (Redcurrant),"Quả Lý Đỏ nhỏ, trong suốt, màu đỏ tươi, vị chua thanh, thường dùng trang trí hoặc làm thạch.","chua thanh, đỏ, trang trí",http://localhost:5000/static/images/qua_ly_do.jpg,Quả mọng,"Châu Âu, Châu Á",đỏ,mùa hè
229,Quả Lý Trắng (Whitecurrant),"Quả Lý Trắng trong suốt, màu trắng ngà, vị ngọt hơn lý đỏ và đen, ít chua.","ngọt, trắng",http://localhost:5000/static/images/qua_ly_trang.jpg,Quả mọng,"Châu Âu, Châu Á",trắng,mùa hè
230,Quả Cà Chua Thân Gỗ (Tamarillo),"Quả Cà Chua Thân Gỗ hình bầu dục, màu cam hoặc đỏ, vị chua ngọt độc đáo, thường dùng làm nước ép hoặc salad.","chua ngọt, độc đáo",http://localhost:5000/static/images/qua_ca_chua_than_go.jpg,Trái cây nhiệt đới,Nam Mỹ,"cam, đỏ",quanh năm
231,Quả Salak (Mít Na Gai),"Quả Salak vỏ ngoài sần sùi như vảy rắn, ruột trắng ngà, vị ngọt giòn, có mùi thơm nhẹ.","ngọt giòn, vỏ rắn",http://localhost:5000/static/images/qua_salak.jpg,Trái cây nhiệt đới,"Indonesia, Malaysia","nâu, trắng",quanh năm
232,Quả Chuối Đỏ (Red Banana),"Quả Chuối Đỏ vỏ màu đỏ tía, thịt ngọt hơn chuối vàng, có hương vani nhẹ, giàu kali và vitamin C.","ngọt, đỏ, vani",http://localhost:5000/static/images/qua_chuoi_do.jpg,Trái cây nhiệt đới,Đông Nam Á,"đỏ, kem",quanh năm
233,Quả Dưa Hấu Vàng,"Quả Dưa Hấu Vàng ruột màu vàng tươi, vị ngọt đậm hơn dưa hấu đỏ, mát.","ngọt đậm, ruột vàng",http://localhost:5000/static/images/qua_dua_hau_vang.jpg,Trái cây phổ biến,Châu Á,"xanh, vàng",quanh năm
234,Quả Táo Xanh Granny Smith,"Quả Táo Xanh Granny Smith vỏ xanh đậm, vị chua giòn đặc trưng, thường dùng làm bánh táo.","chua giòn, xanh",http://localhost:5000/static/images/qua_tao_xanh_granny_smith.jpg,Trái cây ôn đới,Úc,xanh,quanh năm
235,Quả Đào Vàng (Yellow Peach),"Quả Đào Vàng thịt vàng, ngọt, thơm, mọng nước, thường dùng ăn tươi hoặc làm nước ép.","ngọt, thơm, mọng nước",http://localhost:5000/static/images/qua_dao_vang.jpg,Trái cây ôn đới,Trung Quốc,"vàng, hồng",mùa hè
236,Quả Mận Anh Đào (Plumcot),"Quả Mận Anh Đào là giống lai giữa mận và anh đào, vỏ mỏng, thịt ngọt giòn, hương vị phức tạp.","lai, ngọt giòn",http://localhost:5000/static/images/qua_man_anh_dao.jpg,Trái cây lai,Mỹ,"đỏ, tím",mùa hè
237,Quả Yam (Khoai Mỡ),"Quả Yam (Khoai Mỡ) củ dài, màu nâu, thịt trắng, vị bùi, thường dùng nấu canh, luộc.","bùi, nấu canh",http://localhost:5000/static/images/yam.jpg,Rau ăn củ,Châu Phi,"nâu, trắng",quanh năm
238,Quả Noni (Trái Nhàu),"Quả Noni có mùi nồng, vị đắng chát, thường dùng làm thuốc hoặc nước ép tăng cường sức khỏe.","thuốc, đắng, nồng",http://localhost:5000/static/images/qua_noni.jpg,Trái cây thuốc,Đông Nam Á,"xanh, vàng",quanh năm
239,Quả Sapo Mame (Mamey Sapote),"Quả Sapo Mame to, vỏ sần sùi, thịt màu cam đậm, vị ngọt béo như kem, hương vị pha trộn giữa bí đỏ và bơ.","ngọt béo, kem, to",http://localhost:5000/static/images/qua_sapo_mame.jpg,Trái cây nhiệt đới,Trung Mỹ,"nâu, cam",quanh năm
240,Quả Ackee,"Quả Ackee màu đỏ tươi, khi mở ra có ba hạt đen bóng với phần thịt màu vàng kem ăn được, rất độc đáo.","độc đáo, hạt đen",http://localhost:5000/static/images/qua_ackee.jpg,Trái cây nhiệt đới,Tây Phi,"đỏ, vàng",quanh năm
241,Quả Pulasan,"Quả Pulasan giống chôm chôm nhưng vỏ dày hơn, lông ngắn hơn, dễ bóc, vị ngọt đậm hơn và ít chua.","ngọt đậm, dễ bóc",http://localhost:5000/static/images/qua_pulasan.jpg,Trái cây nhiệt đới,Đông Nam Á,"đỏ, trắng",mùa hè
242,Quả Salak Bali,"Quả Salak Bali là giống salak đặc sản của Bali, vị ngọt giòn, thơm nồng hơn các loại khác.","ngọt giòn, đặc sản",http://localhost:5000/static/images/qua_salak_bali.jpg,Trái cây nhiệt đới,Indonesia,"nâu, trắng",quanh năm
244,Quả Cupuaçu,"Quả Cupuaçu vỏ cứng, thịt trắng ngà, vị chua ngọt độc đáo, hương thơm phức tạp như sô cô la và dứa.","chua ngọt, thơm, sô cô la",http://localhost:5000/static/images/qua_cupuacu.jpg,Trái cây nhiệt đới,Amazon,"nâu, trắng",quanh năm
245,Quả Safou (African Pear),"Quả Safou vỏ xanh tím, thịt màu xanh lá cây đậm, béo như bơ, thường được nấu chín hoặc nướng.","béo, nấu chín",http://localhost:5000/static/images/qua_safou.jpg,Trái cây nhiệt đới,Trung Phi,"xanh, tím",mùa mưa
246,Quả Bacuri,"Quả Bacuri vỏ vàng, thịt màu cam đậm, vị chua ngọt độc đáo, hương thơm mạnh, thường dùng làm nước ép, mứt.","chua ngọt, thơm mạnh",http://localhost:5000/static/images/qua_bacuri.jpg,Trái cây nhiệt đới,Amazon,"vàng, cam",quanh năm
247,Quả Feijoa (Guava Dứa),"Quả Feijoa vỏ xanh, thịt trắng ngà, vị chua ngọt pha trộn giữa dứa, ổi và bạc hà, rất thơm.","chua ngọt, thơm bạc hà",http://localhost:5000/static/images/qua_feijoa.jpg,Trái cây cận nhiệt đới,Nam Mỹ,"xanh, trắng",mùa thu
248,Quả Chirimoya (Cherimoya),"Quả Chirimoya hình trái tim, vỏ xanh, thịt trắng, vị ngọt thanh, hương vị tổng hợp nhiều loại quả.","ngọt thanh, trái tim",http://localhost:5000/static/images/qua_chirimoya.jpg,Trái cây cận nhiệt đới,Nam Mỹ,"xanh, trắng","mùa đông, xuân"
249,Quả Sapote Đen (Black Sapote),"Quả Sapote Đen vỏ xanh, thịt đen như pudding sô cô la, vị ngọt thanh, thường dùng làm món tráng miệng.","ngọt thanh, đen, pudding",http://localhost:5000/static/images/qua_sapote_den.jpg,Trái cây nhiệt đới,Trung Mỹ,"xanh, đen",quanh năm
250,Chanh đỏ,"Chanh đỏ là giống chanh có vỏ và ruột màu đỏ cam đặc trưng, vị chua thanh, thơm.","chua thanh, đỏ, thơm",http://localhost:5000/static/images/qua_chanh_do.jpg,Trái cây có múi,Châu Á,"đỏ, cam",quanh năm
251,Tayberry,"Tayberry là loại quả lai giữa mâm xôi và mâm xôi đen, có hình dáng dài, màu đỏ tím đậm, vị ngọt đậm pha chút chua nhẹ.","ngọt đậm, đỏ tím, lai",http://localhost:5000/static/images/qua_tayberry.jpg,Quả mọng,Scotland,"đỏ, tím",mùa hè
252,Peacotum,"Peacotum là một loại trái cây lai phức tạp giữa đào, mơ và mận, cho quả có hương vị ngọt ngào của đào, mùi thơm của mơ và độ chua nhẹ của mận.","lai, ngọt, thơm",http://localhost:5000/static/images/qua_peacotum.jpg,Trái cây lai,Mỹ,"vàng, cam",mùa hè
253,Tangelo,"Tangelo là quả lai giữa quýt và bưởi chùm, có vỏ dày, dễ bóc, vị chua ngọt đậm, mọng nước, thường có ""núm"" ở cuống.","chua ngọt, mọng nước, lai",http://localhost:5000/static/images/qua_tangelo.jpg,Trái cây có múi,Mỹ,cam,mùa đông
254,Quả lai giữa bưởi thường và bưởi chùm đắng,"Đây là một loại lai đặc biệt ít phổ biến, có thể mang vị chua thanh của bưởi thường và chút đắng nhẹ đặc trưng của bưởi chùm, tạo nên hương vị độc đáo.","lai, chua, đắng",http://localhost:5000/static/images/qua_lai_buoi.jpg,Trái cây có múi,Chưa xác định,"vàng, xanh",quanh năm
255,Quả Snake Gourd (Mướp Rắn),"Quả Snake Gourd (Mướp Rắn) rất dài, hình rắn, màu xanh, vị ngọt nhẹ, thường dùng nấu canh, xào.","ngọt nhẹ, dài",http://localhost:5000/static/images/snake_gourd.jpg,Rau ăn quả,Châu Á,xanh,quanh năm
256,Quả lai giữa chanh (Key lime) và quất,"Đây là một loại trái cây lai mang vị chua gắt của chanh Key lime và hương thơm đặc trưng của quất, thường dùng trong ẩm thực hoặc đồ uống.","chua, thơm, lai",http://localhost:5000/static/images/qua_lai_chanh_quat.jpg,Trái cây có múi,Chưa xác định,"xanh, vàng",quanh năm
257,Quả lai dâu tây fragaria chiloensis và dâu tây thông thường,"Đây là sự kết hợp di truyền tạo ra các giống dâu tây hiện đại mà chúng ta thường thấy, với quả to, ngọt, thơm và năng suất cao.","ngọt, thơm, to",http://localhost:5000/static/images/qua_dau_tay_lai.jpg,Quả mọng,Toàn cầu,đỏ,"mùa xuân, hè"
258,Quả ớt,"Ớt là loại trái vị cay, sử dụng nhiều trong nấu ăn.","cay, nhỏ",http://localhost:5000/static/images/qua_ot.jpg,Quả mọng,"Trung Mỹ, Nam Mỹ",đỏ,quanh năm
259,Quả Ice Apple (Thốt Nốt),"Quả Ice Apple ruột trong suốt, vị ngọt thanh, mát, giải khát, thường thấy ở Đông Nam Á.","ngọt thanh, trong suốt",http://localhost:5000/static/images/qua_ice_apple.jpg,Trái cây nhiệt đới,Đông Nam Á,"nâu, trắng",mùa hè
260,Quả Jackfruit (Mít) (Raw/Green),"Quả Jackfruit (Mít) (Raw/Green) khi còn xanh, cứng, thường dùng làm rau để nấu các món ăn mặn.","làm rau, cứng, xanh",http://localhost:5000/static/images/qua_jackfruit_raw.jpg,Rau ăn quả,"Nam Á, Đông Nam Á",xanh,quanh năm
261,Quả Walnut (Quả Óc Chó),"Quả Walnut (Quả Óc Chó) hạt hình óc, màu nâu, vị bùi, béo, giàu omega-3.","bùi, béo, omega-3",http://localhost:5000/static/images/walnut.jpg,Hạt ăn được,Trung Á,nâu,quanh năm
262,Quả Mangaba,"Quả Mangaba vỏ vàng cam, thịt trắng, vị chua ngọt độc đáo, có mùi thơm, thường dùng làm kem.","chua ngọt, thơm, làm kem",http://localhost:5000/static/images/qua_mangaba.jpg,Trái cây nhiệt đới,Brazil,"vàng, cam",quanh năm
263,Quả Marang,"Quả Marang vỏ gai mềm, dễ bóc, thịt trắng, ngọt đậm, thơm nồng như sầu riêng nhưng nhẹ hơn.","ngọt đậm, thơm nồng",http://localhost:5000/static/images/qua_marang.jpg,Trái cây nhiệt đới,Đông Nam Á,"xanh, trắng",mùa hè
264,Quả Pomarosa (Rose Apple),"Quả Pomarosa là tên gọi khác của Roi/Mận hương, vị ngọt, giòn, mùi thơm hoa hồng.","ngọt, thơm hoa hồng",http://localhost:5000/static/images/qua_pomarosa.jpg,Trái cây nhiệt đới,Đông Nam Á,"hồng, xanh",quanh năm
265,Quả Pitomba,"Quả Pitomba nhỏ, tròn, màu vàng cam, vị chua ngọt, mọng nước, thường dùng làm nước ép.","chua ngọt, mọng nước",http://localhost:5000/static/images/qua_pitomba.jpg,Trái cây nhiệt đới,Brazil,"vàng, cam",quanh năm
266,Quả Jabuticaba,"Quả Jabuticaba là tên gọi khác của Nho thân cây, mọc trực tiếp trên thân, ngọt nhẹ.","mọc thân cây, ngọt",http://localhost:5000/static/images/qua_jabuticaba.jpg,Quả mọng,Brazil,"đen, tím",quanh năm
267,Quả Bacupari,"Quả Bacupari vỏ vàng, thịt trắng, vị chua ngọt, có hạt, thường dùng làm nước ép hoặc mứt.","chua ngọt, làm mứt",http://localhost:5000/static/images/qua_bacupari.jpg,Trái cây nhiệt đới,Brazil,"vàng, trắng",quanh năm
268,Quả Abiu,"Quả Abiu vỏ vàng sáng, thịt trong suốt như thạch, vị ngọt thanh, thơm mùi caramel.","ngọt thanh, thạch",http://localhost:5000/static/images/qua_abiu.jpg,Trái cây nhiệt đới,Amazon,"vàng, trong",quanh năm
269,Quả Wampee,"Quả Wampee nhỏ, tròn, màu vàng nâu, vị chua ngọt, thơm, thường mọc thành chùm.","chua ngọt, thơm",http://localhost:5000/static/images/qua_wampee.jpg,Trái cây nhiệt đới,Đông Nam Á,"vàng, nâu",mùa hè
270,Quả Cempedak,"Quả Cempedak giống mít nhưng nhỏ hơn, múi mềm hơn, ngọt đậm, thơm nồng hơn mít.","ngọt đậm, thơm nồng",http://localhost:5000/static/images/qua_cempedak.jpg,Trái cây nhiệt đới,Đông Nam Á,"xanh, vàng",mùa hè
271,Quả Kepel,"Quả Kepel vỏ nâu, thịt màu vàng cam, vị ngọt dịu, hương thơm độc đáo như hoa violet, giúp hơi thở thơm tho.","ngọt dịu, thơm hoa violet",http://localhost:5000/static/images/qua_kepel.jpg,Trái cây nhiệt đới,Indonesia,"nâu, cam",quanh năm
272,Quả Rambai,"Quả Rambai nhỏ, vỏ vàng nhạt, thịt trắng trong, vị chua ngọt thanh, mọc thành chùm.","chua ngọt, chùm",http://localhost:5000/static/images/qua_rambai.jpg,Trái cây nhiệt đới,Đông Nam Á,"vàng, trắng",mùa hè
273,Quả Snake Fruit (Salak),"Quả Snake Fruit là tên gọi khác của Salak, vỏ vảy rắn, giòn, ngọt thơm.","ngọt, giòn, vỏ rắn",http://localhost:5000/static/images/qua_snake_fruit.jpg,Trái cây nhiệt đới,"Indonesia, Malaysia","nâu, trắng",quanh năm
274,Quả Finger Lime (Chanh ngón tay),"Quả Finger Lime hình ngón tay dài, ruột chứa các viên tép nhỏ như trứng cá hồi, vị chua mạnh, thơm, dùng trang trí.","chua, thơm, hình ngón tay",http://localhost:5000/static/images/qua_finger_lime.jpg,Trái cây có múi,Úc,"xanh, hồng",quanh năm
275,Quả Quandong (Cherry Sa mạc),"Quả Quandong nhỏ, màu đỏ tươi, vị chua ngọt, có hạt lớn, thường dùng làm mứt.","chua ngọt, làm mứt",http://localhost:5000/static/images/qua_quandong.jpg,Trái cây sa mạc,Úc,đỏ,mùa khô
276,Quả Kakadu Plum,"Quả Kakadu Plum nhỏ, màu xanh vàng, vị chua mạnh, là nguồn vitamin C tự nhiên cao nhất thế giới.","chua, vitamin C",http://localhost:5000/static/images/qua_kakadu_plum.jpg,Quả mọng,Úc,"xanh, vàng",mùa khô
277,Quả Ice Cream Bean (Inga edulis),"Quả Ice Cream Bean (Inga edulis) là một loại lớn hơn, hạt to, lớp thịt trắng xốp ngọt.","ngọt, lớn",http://localhost:5000/static/images/qua_inga_edulis.jpg,Trái cây nhiệt đới,"Trung, Nam Mỹ","xanh, trắng",quanh năm
278,Quả Walnut (Quả Óc Chó),"Quả Walnut (Quả Óc Chó) hạt hình óc, màu nâu, vị bùi, béo, giàu omega-3.","bùi, béo, omega-3",http://localhost:5000/static/images/walnut.jpg,Hạt ăn được,Trung Á,nâu,quanh năm
279,Quả Bơ Reed (Việt Nam),"Quả Bơ Reed (Việt Nam) là giống bơ Reed được trồng tại Việt Nam, quả tròn, béo.","béo, tròn",http://localhost:5000/static/images/qua_bo_reed_vn.jpg,Trái cây nhiệt đới,Việt Nam,"xanh, vàng",mùa hè
280,Quả Kiwi Berry (Kiwi cỡ nhỏ),"Quả Kiwi Berry nhỏ như quả nho, vỏ trơn không lông, ăn được cả vỏ, vị ngọt thanh, thơm.","ngọt thanh, nhỏ, vỏ trơn",http://localhost:5000/static/images/qua_kiwi_berry.jpg,Quả mọng,Đông Á,xanh,mùa thu
281,Quả Đào Tuyết Lệ Giang,"Quả Đào Tuyết Lệ Giang là giống đào rất to, trọng lượng có thể lên tới vài kg, thịt giòn, ngọt.","rất to, giòn, ngọt",http://localhost:5000/static/images/qua_dao_tuyet.jpg,Trái cây ôn đới,Trung Quốc,"vàng, hồng",mùa hè
282,Quả Cherry Rainie,"Quả Cherry Rainie màu vàng hồng, vị ngọt nhẹ, giòn, đẹp mắt.","ngọt nhẹ, giòn, vàng hồng",http://localhost:5000/static/images/qua_cherry_rainie.jpg,Quả mọng,Mỹ,"vàng, hồng",mùa hè
283,Quả Lý Chua (Gooseberry),"Quả Lý Chua nhỏ, tròn, màu xanh/đỏ/tím, vị chua đặc trưng, thường dùng làm mứt hoặc bánh.","chua, làm mứt",http://localhost:5000/static/images/qua_ly_chua.jpg,Quả mọng,"Châu Âu, Châu Á","xanh, đỏ, tím",mùa hè
284,Quả Damson Plum,"Quả Damson Plum nhỏ, màu tím đậm, vị chua chát, thường dùng làm mứt hoặc rượu.","chua chát, tím đậm",http://localhost:5000/static/images/qua_damson_plum.jpg,Trái cây ôn đới,Châu Âu,tím,mùa hè
285,Quả Elderberry,"Quả Elderberry nhỏ, màu đen tím, thường dùng làm siro, mứt hoặc thuốc bổ, không ăn sống.","làm siro, đen tím",http://localhost:5000/static/images/qua_elderberry.jpg,Quả mọng,"Châu Âu, Bắc Mỹ","đen, tím",mùa thu
286,Quả Saskatoon Berry,"Quả Saskatoon Berry nhỏ, màu tím đậm, vị ngọt nhẹ, thơm, giống việt quất, giàu dinh dưỡng.","ngọt nhẹ, tím đậm",http://localhost:5000/static/images/qua_saskatoon_berry.jpg,Quả mọng,Bắc Mỹ,tím,mùa hè
287,Quả Sea Buckthorn,"Quả Sea Buckthorn nhỏ, màu cam tươi, vị chua gắt, giàu vitamin C và chất chống oxy hóa, thường dùng làm nước ép, dầu.","chua gắt, vitamin C",http://localhost:5000/static/images/qua_sea_buckthorn.jpg,Quả mọng,"Châu Âu, Châu Á",cam,mùa thu
288,Quả Lingonberry,"Quả Lingonberry nhỏ, màu đỏ tươi, vị chua, thơm, giống việt quất, thường dùng làm sốt, mứt.","chua, thơm, làm sốt",http://localhost:5000/static/images/qua_lingonberry.jpg,Quả mọng,"Bắc Âu, Bắc Mỹ",đỏ,mùa thu
289,Quả Aronia Berry (Chokeberry),"Quả Aronia Berry nhỏ, màu đen tím, vị chát nhẹ, giàu chất chống oxy hóa, thường dùng làm nước ép, thực phẩm chức năng.","chát, chống oxy hóa",http://localhost:5000/static/images/qua_aronia_berry.jpg,Quả mọng,Bắc Mỹ,"đen, tím",mùa thu
290,Quả Bilberry,"Quả Bilberry giống việt quất nhưng nhỏ hơn, màu đen đậm, ruột đỏ, vị chua ngọt, thơm, tốt cho mắt.","chua ngọt, tốt mắt",http://localhost:5000/static/images/qua_bilberry.jpg,Quả mọng,Châu Âu,"đen, tím",mùa hè
291,Quả Salmonberry,"Quả Salmonberry màu cam/đỏ, vị ngọt nhẹ, giống mâm xôi, thường mọc ở vùng ven biển.","ngọt nhẹ, cam, đỏ",http://localhost:5000/static/images/qua_salmonberry.jpg,Quả mọng,Bắc Mỹ,"cam, đỏ",mùa hè
292,Quả Cloudberry,"Quả Cloudberry màu vàng cam, vị chua ngọt, mềm, thường mọc ở vùng đầm lầy lạnh giá.","chua ngọt, vàng cam",http://localhost:5000/static/images/qua_cloudberry.jpg,Quả mọng,"Bắc Âu, Bắc Mỹ","vàng, cam",mùa hè
293,Quả Boysenberry,"Quả Boysenberry lai giữa mâm xôi, dâu và mâm xôi đen, to, màu tím đậm, vị chua ngọt đậm.","lai, chua ngọt đậm",http://localhost:5000/static/images/qua_boysenberry.jpg,Quả mọng,Mỹ,tím,mùa hè
294,Quả Loganberry,"Quả Loganberry lai giữa mâm xôi và mâm xôi đen, to, màu đỏ tím, vị chua ngọt.","lai, chua ngọt",http://localhost:5000/static/images/qua_loganberry.jpg,Quả mọng,Mỹ,"đỏ, tím",mùa hè
295,Quả Tayberry,"Quả Tayberry lai giữa mâm xôi và mâm xôi đen, dài hơn, màu đỏ tím, vị ngọt đậm.","lai, ngọt đậm",http://localhost:5000/static/images/qua_tayberry.jpg,Quả mọng,Scotland,"đỏ, tím",mùa hè
296,Quả Juneberry (Serviceberry),"Quả Juneberry nhỏ, màu tím đậm, vị ngọt thanh, giống việt quất và anh đào, ăn được cả hạt.","ngọt thanh, tím đậm",http://localhost:5000/static/images/qua_juneberry.jpg,Quả mọng,Bắc Mỹ,tím,mùa hè
297,Quả Schisandra Berry (Ngũ Vị Tử),"Quả Schisandra Berry nhỏ, màu đỏ tươi, có năm vị chua, ngọt, mặn, đắng, cay, dùng làm thuốc.","5 vị, thuốc",http://localhost:5000/static/images/qua_schisandra_berry.jpg,Quả mọng,Đông Á,đỏ,mùa thu
298,Quả Goji Berry (Kỷ Tử),"Quả Goji Berry nhỏ, màu đỏ cam, vị ngọt dịu, giàu chất dinh dưỡng, thường dùng làm thuốc, nấu ăn.","ngọt dịu, thuốc, bổ",http://localhost:5000/static/images/qua_goji_berry.jpg,Quả mọng,Trung Quốc,"đỏ, cam","mùa hè, thu"
299,Quả Tayberry (Vàng),"Quả Tayberry (Vàng) là biến thể màu vàng của Tayberry, vị ngọt, ít chua.","ngọt, vàng",http://localhost:5000/static/images/qua_tayberry_yellow.jpg,Quả mọng,Scotland,vàng,mùa hè
300,Quả Lingonberry (Trắng),"Quả Lingonberry (Trắng) là biến thể trắng hiếm của Lingonberry, vị chua thanh.","chua thanh, trắng",http://localhost:5000/static/images/qua_lingonberry_white.jpg,Quả mọng,"Bắc Âu, Bắc Mỹ",trắng,mùa thu
301,Quả Aronia Berry (Đỏ),"Quả Aronia Berry (Đỏ) là biến thể màu đỏ của Aronia Berry, vị ít chát hơn.","ít chát, đỏ",http://localhost:5000/static/images/qua_aronia_berry_red.jpg,Quả mọng,Bắc Mỹ,đỏ,mùa thu
302,Quả Cloudberry (Na Uy),"Quả Cloudberry (Na Uy) là biến thể Cloudberry ở Na Uy, mọc ở vùng lạnh.","chua ngọt, lạnh",http://localhost:5000/static/images/qua_cloudberry_norway.jpg,Quả mọng,Na Uy,"vàng, cam",mùa hè
303,Quả Persimmon (Hồng Giòn),"Quả Persimmon (Hồng Giòn) là giống hồng ăn giòn khi chưa chín kỹ, vị ngọt thanh, không chát.","ngọt thanh, giòn",http://localhost:5000/static/images/qua_persimmon_crisp.jpg,Trái cây ôn đới,Nhật Bản,"cam, đỏ",mùa thu
304,Quả Tamarind (Ngọt),"Quả Tamarind (Ngọt) là giống me ngọt, thường ăn tươi hoặc làm ô mai.","ngọt, ăn tươi",http://localhost:5000/static/images/qua_tamarind_sweet.jpg,Trái cây nhiệt đới,Châu Phi,nâu,quanh năm
305,Quả Rose Apple (Trắng),"Quả Rose Apple (Trắng) là biến thể roi/mận hương màu trắng, giòn, ngọt mát.","ngọt mát, giòn",http://localhost:5000/static/images/qua_rose_apple_white.jpg,Trái cây nhiệt đới,Đông Nam Á,trắng,quanh năm
306,Táo Kim Cương Đen Tây Tạng,"Táo Kim Cương Đen Tây Tạng là biến thể mận/roi màu đen tím, giòn, ngọt.","ngọt, giòn, đen",http://localhost:5000/static/images/tao_kim_cuong_den.jpg,Trái cây nhiệt đới,Đông Nam Á,"đen, tím",quanh năm
307,Quả Custard Apple (Tím),"Quả Custard Apple (Tím) là biến thể na có vỏ tím, thịt ngọt, thơm.","ngọt, thơm, vỏ tím",http://localhost:5000/static/images/qua_custard_apple_purple.jpg,Trái cây nhiệt đới,Châu Mỹ,"tím, trắng","mùa hè, thu"
308,Quả Ice Apple (Ấn Độ),"Quả Ice Apple (Ấn Độ) là thốt nốt ở Ấn Độ, nước ngọt, cơm trong.","ngọt thanh, trong suốt",http://localhost:5000/static/images/qua_ice_apple_india.jpg,Trái cây nhiệt đới,Ấn Độ,"nâu, trắng",mùa hè
309,Quả Star Fruit (Giòn),"Quả Star Fruit (Giòn) là giống khế giòn, vị chua ngọt.","giòn, chua ngọt",http://localhost:5000/static/images/qua_star_fruit_crisp.jpg,Trái cây phổ biến,Đông Nam Á,vàng,quanh năm
310,Quả Mangaba (Colombia),"Quả Mangaba (Colombia) là giống Mangaba ở Colombia, chua ngọt, thơm.","chua ngọt, thơm",http://localhost:5000/static/images/qua_mangaba_colombia.jpg,Trái cây nhiệt đới,Colombia,"vàng, cam",quanh năm
311,Quả Ash Gourd (Bí Đao),"Quả Ash Gourd (Bí Đao) dài, vỏ xanh có lớp phấn trắng, vị ngọt mát, thường dùng nấu canh, làm mứt.","ngọt mát, làm mứt",http://localhost:5000/static/images/ash_gourd.jpg,Rau ăn quả,Châu Á,"xanh, trắng",quanh năm
312,Quất hồng bì,"Quả Wampee (Trung Quốc) là giống Wampee ở Trung Quốc, chua ngọt, thơm.","chua ngọt, thơm",http://localhost:5000/static/images/quat_hong_bi.jpg,Trái cây nhiệt đới,Trung Quốc,"vàng, nâu",mùa hè
313,Quả Cassava (Sắn/Khoai Mì),"Quả Cassava (Sắn/Khoai Mì) củ dài, màu nâu, thịt trắng, vị bùi, thường dùng luộc, làm bột.","bùi, làm bột",http://localhost:5000/static/images/cassava.jpg,Rau ăn củ,Nam Mỹ,"nâu, trắng",quanh năm
314,Quả Rambai (Thái Lan),"Quả Rambai (Thái Lan) là giống Rambai ở Thái Lan, chua ngọt thanh.","chua ngọt, thơm",http://localhost:5000/static/images/qua_rambai_thai.jpg,Trái cây nhiệt đới,Thái Lan,"vàng, trắng",mùa hè
315,Quả Finger Lime (Tím),"Quả Finger Lime (Tím) là biến thể chanh ngón tay màu tím, ruột đỏ.","chua, thơm, tím",http://localhost:5000/static/images/qua_finger_lime_purple.jpg,Trái cây có múi,Úc,"tím, đỏ",quanh năm
316,Quả Quandong (Vàng),"Quả Quandong (Vàng) là biến thể Quandong màu vàng, vị chua ngọt.","chua ngọt, vàng",http://localhost:5000/static/images/qua_quandong_yellow.jpg,Trái cây sa mạc,Úc,vàng,quanh năm
317,Quả Yam (Khoai Mỡ),"Quả Yam (Khoai Mỡ) củ dài, màu nâu, thịt trắng, vị bùi, thường dùng nấu canh, luộc.","bùi, nấu canh",http://localhost:5000/static/images/yam.jpg,Rau ăn củ,Châu Phi,"nâu, trắng",quanh năm
318,Quả Pulasan (Thái Lan),"Quả Pulasan (Thái Lan) là giống Pulasan Thái Lan, ngọt đậm.",ngọt đậm,http://localhost:5000/static/images/qua_pulasan_thai.jpg,Trái cây nhiệt đới,Thái Lan,"đỏ, trắng",mùa hè
319,Quả Salak Java,"Quả Salak Java là giống Salak ở Java, giòn, ngọt.",ngọt giòn,http://localhost:5000/static/images/qua_salak_java.jpg,Trái cây nhiệt đới,Indonesia,"nâu, trắng",quanh năm
320,Quả Winged Bean (Đậu Rồng),"Quả Winged Bean (Đậu Rồng) dài, có cánh, màu xanh, giòn, vị ngọt nhẹ, thường dùng ăn sống, xào.","giòn, ngọt nhẹ, cánh",http://localhost:5000/static/images/winged_bean.jpg,Rau ăn quả,Đông Nam Á,xanh,quanh năm
321,Quả Yardlong Bean (Đậu Đũa Dài),"Quả Yardlong Bean (Đậu Đũa Dài) rất dài, màu xanh, giòn, vị ngọt nhẹ, thường dùng xào, luộc.","giòn, ngọt nhẹ, dài",http://localhost:5000/static/images/yardlong_bean.jpg,Rau ăn quả,Châu Á,xanh,quanh năm
322,Quả Almond (Hạnh Nhân),"Quả Almond (Hạnh Nhân) hạt hình bầu dục, màu nâu, vị bùi, béo, thường rang, làm sữa hạt.","bùi, béo, hạt",http://localhost:5000/static/images/almond.jpg,Hạt ăn được,Trung Đông,nâu,quanh năm
323,Quả Pumpkin (Bí Đỏ),"Quả Pumpkin (Bí Đỏ) tròn, vỏ cam hoặc xanh, thịt cam, vị ngọt bùi, thường dùng nấu canh, làm bánh.","ngọt bùi, nấu canh",http://localhost:5000/static/images/pumpkin.jpg,Rau ăn quả,Bắc Mỹ,"cam, xanh",mùa thu
324,Quả Bottle Gourd (Bầu),"Quả Bottle Gourd (Bầu) hình chai, màu xanh, vị ngọt nhẹ, thường dùng nấu canh, luộc.",ngọt nhẹ,http://localhost:5000/static/images/bottle_gourd.jpg,Rau ăn quả,Châu Phi,xanh,quanh năm
325,Quả Eggplant (Cà Tím),"Quả Eggplant (Cà Tím) dài hoặc tròn, màu tím đậm, thịt mềm, vị ngọt nhẹ, thường dùng nấu ăn.","ngọt nhẹ, nấu ăn",http://localhost:5000/static/images/eggplant.jpg,Rau ăn quả,Ấn Độ,tím,quanh năm
326,Quả Okra (Đậu Bắp),"Quả Okra (Đậu Bắp) dài, màu xanh, có chất nhầy, vị ngọt nhẹ, thường dùng luộc, xào.","ngọt nhẹ, nhầy",http://localhost:5000/static/images/okra.jpg,Rau ăn quả,Châu Phi,xanh,mùa hè
327,Quả Green Bean (Đậu Que),"Quả Green Bean (Đậu Que) dài, màu xanh, giòn, vị ngọt nhẹ, thường dùng luộc, xào.","ngọt nhẹ, giòn",http://localhost:5000/static/images/green_bean.jpg,Rau ăn quả,Châu Mỹ,xanh,quanh năm
328,Quả Pea (Đậu Hà Lan),"Quả Pea (Đậu Hà Lan) hạt tròn, màu xanh, vị ngọt bùi, thường dùng luộc, nấu súp.","ngọt bùi, hạt",http://localhost:5000/static/images/pea.jpg,Rau ăn quả,Trung Đông,xanh,mùa xuân
329,Quả Corn (Ngô/Bắp),"Quả Corn (Ngô/Bắp) hạt vàng hoặc trắng, vị ngọt bùi, thường luộc, nướng, làm bánh.","ngọt bùi, hạt",http://localhost:5000/static/images/corn.jpg,Hạt ăn được,Trung Mỹ,"vàng, trắng",mùa hè
330,Quả Artichoke (Atisô),"Quả Artichoke (Atisô) hình búp, màu xanh tím, thịt non mềm, vị ngọt nhẹ, thường dùng hấp, luộc.","ngọt nhẹ, hấp, luộc",http://localhost:5000/static/images/artichoke.jpg,Rau ăn quả,Địa Trung Hải,"xanh, tím",mùa xuân
331,Quả Beetroot (Củ Dền),"Quả Beetroot (Củ Dền) củ tròn, màu đỏ tím, vị ngọt, thường dùng ép nước, nấu súp.","ngọt, đỏ tím",http://localhost:5000/static/images/beetroot.jpg,Rau ăn củ,Địa Trung Hải,"đỏ, tím",quanh năm
332,Quả Carrot (Cà Rốt),"Quả Carrot (Cà Rốt) củ dài, màu cam, vị ngọt, giòn, giàu vitamin A, thường dùng nấu canh, ép nước.","ngọt, giòn, vitamin A",http://localhost:5000/static/images/carrot.jpg,Rau ăn củ,Trung Á,cam,quanh năm
333,Quả Potato (Khoai Tây),"Quả Potato (Khoai Tây) củ tròn hoặc bầu dục, màu nâu, thịt trắng, vị bùi, thường dùng chiên, luộc.","bùi, chiên, luộc",http://localhost:5000/static/images/potato.jpg,Rau ăn củ,Nam Mỹ,"nâu, trắng",quanh năm
334,Quả Sweet Potato (Khoai Lang),"Quả Sweet Potato (Khoai Lang) củ dài, màu cam, tím hoặc vàng, vị ngọt, bùi, thường dùng luộc, nướng.","ngọt, bùi",http://localhost:5000/static/images/sweet_potato.jpg,Rau ăn củ,Trung Mỹ,"cam, tím, vàng",quanh năm
335,Quả Onion (Hành Tây),"Quả Onion (Hành Tây) củ tròn, vỏ nâu hoặc tím, vị hăng, thơm, thường dùng làm gia vị.","hăng, thơm, gia vị",http://localhost:5000/static/images/onion.jpg,Gia vị,Trung Á,"nâu, tím, trắng",quanh năm
336,Quả Garlic (Tỏi),"Quả Garlic (Tỏi) củ nhỏ, nhiều tép, vị hăng, thơm, thường dùng làm gia vị.","hăng, thơm, gia vị",http://localhost:5000/static/images/garlic.jpg,Gia vị,Trung Á,trắng,quanh năm
337,Quả Ginger (Gừng),"Quả Ginger (Gừng) thân rễ, màu vàng nâu, vị cay, thơm, thường dùng làm gia vị, thuốc.","cay, thơm, gia vị",http://localhost:5000/static/images/ginger.jpg,Gia vị,Đông Nam Á,"vàng, nâu",quanh năm
338,Quả Turmeric (Nghệ),"Quả Turmeric (Nghệ) thân rễ, màu vàng cam, vị hơi đắng, thơm, thường dùng làm gia vị, thuốc.","hơi đắng, thơm, gia vị",http://localhost:5000/static/images/turmeric.jpg,Gia vị,Nam Á,"vàng, cam",quanh năm
339,Quả Lemon Grass (Sả),"Quả Lemon Grass (Sả) thân dài, màu xanh, vị thơm đặc trưng, thường dùng làm gia vị.","thơm, gia vị",http://localhost:5000/static/images/lemon_grass.jpg,Gia vị,Nam Á,xanh,quanh năm
340,Quả Galangal (Riềng),"Quả Galangal (Riềng) thân rễ, màu nâu, vị cay, thơm, thường dùng làm gia vị.","cay, thơm, gia vị",http://localhost:5000/static/images/galangal.jpg,Gia vị,Đông Nam Á,nâu,quanh năm
341,Quả Chilli (Ớt),"Quả Chilli (Ớt) nhỏ, dài, màu đỏ hoặc xanh, vị cay nồng, thường dùng làm gia vị.","cay nồng, gia vị",http://localhost:5000/static/images/chilli.jpg,Gia vị,"Trung Mỹ, Nam Mỹ","đỏ, xanh",quanh năm
342,Quả Star Anise (Hoa Hồi),"Quả Star Anise (Hoa Hồi) hình sao, màu nâu, vị thơm đặc trưng, thường dùng làm gia vị.","thơm, gia vị",http://localhost:5000/static/images/star_anise.jpg,Gia vị,Trung Quốc,nâu,quanh năm
343,Quả Cinnamon (Quế),"Quả Cinnamon (Quế) vỏ cây cuộn tròn, màu nâu, vị thơm ngọt, thường dùng làm gia vị.","thơm ngọt, gia vị",http://localhost:5000/static/images/cinnamon.jpg,Gia vị,Sri Lanka,nâu,quanh năm
344,Quả Clove (Đinh Hương),"Quả Clove (Đinh Hương) nụ hoa khô, màu nâu, vị thơm nồng, thường dùng làm gia vị.","thơm nồng, gia vị",http://localhost:5000/static/images/clove.jpg,Gia vị,Indonesia,nâu,quanh năm
345,Quả Nutmeg (Hạt Nhục Đậu Khấu),"Quả Nutmeg (Hạt Nhục Đậu Khấu) hạt tròn, màu nâu, vị thơm, thường dùng làm gia vị.","thơm, gia vị",http://localhost:5000/static/images/nutmeg.jpg,Gia vị,Indonesia,nâu,quanh năm
346,Quả Cardamom (Bạch Đậu Khấu),"Quả Cardamom (Bạch Đậu Khấu) hạt nhỏ, màu xanh hoặc đen, vị thơm, thường dùng làm gia vị.","thơm, gia vị",http://localhost:5000/static/images/cardamom.jpg,Gia vị,Ấn Độ,"xanh, đen",quanh năm
347,Quả Black Pepper (Hạt Tiêu Đen),"Quả Black Pepper (Hạt Tiêu Đen) hạt nhỏ, màu đen, vị cay nồng, thường dùng làm gia vị.","cay nồng, gia vị",http://localhost:5000/static/images/black_pepper.jpg,Gia vị,Ấn Độ,đen,quanh năm
348,Quả White Pepper (Hạt Tiêu Trắng),"Quả White Pepper (Hạt Tiêu Trắng) hạt nhỏ, màu trắng, vị cay nhẹ hơn tiêu đen, thường dùng làm gia vị.","cay nhẹ, gia vị",http://localhost:5000/static/images/white_pepper.jpg,Gia vị,Ấn Độ,trắng,quanh năm
349,Quả Leek (Tỏi Tây),"Quả Leek (Tỏi Tây) thân dài, màu trắng và xanh nhạt, vị ngọt nhẹ, thơm, thường dùng nấu súp.","ngọt nhẹ, thơm",http://localhost:5000/static/images/leek.jpg,Rau ăn củ,Châu Âu,"trắng, xanh",quanh năm
350,Quả Radish (Củ Cải),"Quả Radish (Củ Cải) củ tròn hoặc dài, màu đỏ hoặc trắng, vị hăng nhẹ, giòn, thường ăn sống.","hăng nhẹ, giòn, ăn sống",http://localhost:5000/static/images/radish.jpg,Rau ăn củ,Châu Á,"đỏ, trắng",quanh năm
351,Quả Turnip (Củ Cải Trắng),"Quả Turnip (Củ Cải Trắng) củ tròn, màu trắng, vị ngọt nhẹ, bùi, thường dùng nấu canh.","ngọt nhẹ, bùi",http://localhost:5000/static/images/turnip.jpg,Rau ăn củ,Châu Âu,trắng,quanh năm
352,Quả Daikon (Củ Cải Trắng Dài),"Quả Daikon (Củ Cải Trắng Dài) củ dài, màu trắng, vị ngọt nhẹ, giòn, thường dùng nấu canh, muối dưa.","ngọt nhẹ, giòn",http://localhost:5000/static/images/daikon.jpg,Rau ăn củ,Châu Á,trắng,quanh năm
353,Quả Kohlrabi (Su Hào),"Quả Kohlrabi (Su Hào) thân củ tròn, màu xanh hoặc tím, vị ngọt, giòn, thường dùng luộc, xào.","ngọt, giòn",http://localhost:5000/static/images/kohlrabi.jpg,Rau ăn củ,Châu Âu,"xanh, tím",quanh năm
354,Quả Okra (Đậu Bắp Đỏ),"Quả Okra (Đậu Bắp Đỏ) dài, màu đỏ, có chất nhầy, vị ngọt nhẹ.","ngọt nhẹ, nhầy",http://localhost:5000/static/images/okra_red.jpg,Rau ăn quả,Châu Phi,đỏ,mùa hè
355,Quả Bell Pepper (Ớt Chuông Vàng),"Quả Bell Pepper (Ớt Chuông Vàng) hình chuông, màu vàng, vị ngọt, giòn.","ngọt, giòn",http://localhost:5000/static/images/bell_pepper_yellow.jpg,Rau ăn quả,Trung Mỹ,vàng,quanh năm
356,Quả Bell Pepper (Ớt Chuông Đỏ),"Quả Bell Pepper (Ớt Chuông Đỏ) hình chuông, màu đỏ, vị ngọt, giòn.","ngọt, giòn",http://localhost:5000/static/images/bell_pepper_red.jpg,Rau ăn quả,Trung Mỹ,đỏ,quanh năm
357,Quả Bell Pepper (Ớt Chuông Cam),"Quả Bell Pepper (Ớt Chuông Cam) hình chuông, màu cam, vị ngọt, giòn.","ngọt, giòn",http://localhost:5000/static/images/bell_pepper_orange.jpg,Rau ăn quả,Trung Mỹ,cam,quanh năm
358,Quả Bell Pepper (Ớt Chuông Xanh),"Quả Bell Pepper (Ớt Chuông Xanh) hình chuông, màu xanh, vị hơi hăng, giòn.","hơi hăng, giòn",http://localhost:5000/static/images/bell_pepper_green.jpg,Rau ăn quả,Trung Mỹ,xanh,quanh năm
359,Quả Sweet Corn (Ngô Ngọt),"Quả Sweet Corn (Ngô Ngọt) hạt vàng, vị ngọt đậm, thường luộc, nướng.","ngọt đậm, hạt",http://localhost:5000/static/images/sweet_corn.jpg,Hạt ăn được,Trung Mỹ,vàng,mùa hè
